[CudaTags] stdout enabled
[CudaTags] Using CUDA device 0 of 1 devices
[CudaTags] frame 640x480 channels=3 type=16 stride=1920
[CudaTags] converting BGR->GRAY
[CudaTags] gray: continuous=1 step=640
[CudaTags] gray stats min=3.000000 max=53.000000
[CudaTags] detected 0 tags
[CudaTags] frame 640x480 channels=3 type=16 stride=1920
[CudaTags] converting BGR->GRAY
[CudaTags] gray: continuous=1 step=640
[CudaTags] gray stats min=3.000000 max=52.000000
[CudaTags] detected 0 tags
[CudaTags] frame 640x480 channels=3 type=16 stride=1920
[CudaTags] converting BGR->GRAY
[CudaTags] gray: continuous=1 step=640
[CudaTags] gray stats min=3.000000 max=53.000000
[CudaTags] detected 0 tags
[CudaTags] frame 640x480 channels=3 type=16 stride=1920
[CudaTags] converting BGR->GRAY
[CudaTags] gray: continuous=1 step=640
[CudaTags] gray stats min=3.000000 max=52.000000
[CudaTags] detected 0 tags
[CudaTags] frame 640x480 channels=3 type=16 stride=1920
[CudaTags] converting BGR->GRAY
[CudaTags] gray: continuous=1 step=640
[CudaTags] gray stats min=3.000000 max=52.000000
[CudaTags] detected 0 tags
[CudaTags] frame 640x480 channels=3 type=16 stride=1920
[CudaTags] converting BGR->GRAY
[CudaTags] gray: continuous=1 step=640
[CudaTags] gray stats min=3.000000 max=54.000000
[CudaTags] detected 0 tags
[CudaTags] frame 640x480 channels=3 type=16 stride=1920
[CudaTags] converting BGR->GRAY
[CudaTags] gray: continuous=1 step=640
[CudaTags] gray stats min=3.000000 max=53.000000
[CudaTags] detected 0 tags
[CudaTags] frame 640x480 channels=3 type=16 stride=1920
[CudaTags] converting BGR->GRAY
[CudaTags] gray: continuous=1 step=640
[CudaTags] gray stats min=3.000000 max=53.000000
[CudaTags] detected 0 tags
[CudaTags] frame 640x480 channels=3 type=16 stride=1920
[CudaTags] converting BGR->GRAY
[CudaTags] gray: continuous=1 step=640
[CudaTags] gray stats min=3.000000 max=53.000000
[CudaTags] detected 0 tags
[CudaTags] frame 640x480 channels=3 type=16 stride=1920
[CudaTags] converting BGR->GRAY
[CudaTags] gray: continuous=1 step=640
[CudaTags] gray stats min=3.000000 max=53.000000
[CudaTags] detected 0 tags
[CudaTags] frame 640x480 channels=3 type=16 stride=1920
[CudaTags] converting BGR->GRAY
[CudaTags] gray: continuous=1 step=640
[CudaTags] gray stats min=3.000000 max=53.000000
[CudaTags] detected 0 tags
[CudaTags] frame 640x480 channels=3 type=16 stride=1920
[CudaTags] converting BGR->GRAY
[CudaTags] gray: continuous=1 step=640
[CudaTags] gray stats min=3.000000 max=52.000000
[CudaTags] detected 0 tags
[CudaTags] frame 640x480 channels=3 type=16 stride=1920
[CudaTags] converting BGR->GRAY
[CudaTags] gray: continuous=1 step=640
[CudaTags] gray stats min=3.000000 max=52.000000
[CudaTags] detected 0 tags
[CudaTags] frame 640x480 channels=3 type=16 stride=1920
[CudaTags] converting BGR->GRAY
[CudaTags] gray: continuous=1 step=640
[CudaTags] gray stats min=3.000000 max=53.000000
[CudaTags] detected 0 tags
[CudaTags] frame 640x480 channels=3 type=16 stride=1920
[CudaTags] converting BGR->GRAY
[CudaTags] gray: continuous=1 step=640
[CudaTags] gray stats min=3.000000 max=54.000000
[CudaTags] detected 0 tags
[CudaTags] frame 640x480 channels=3 type=16 stride=1920
[CudaTags] converting BGR->GRAY
[CudaTags] gray: continuous=1 step=640
[CudaTags] gray stats min=3.000000 max=53.000000
[CudaTags] detected 0 tags
[CudaTags] frame 640x480 channels=3 type=16 stride=1920
[CudaTags] converting BGR->GRAY
[CudaTags] gray: continuous=1 step=640
[CudaTags] gray stats min=3.000000 max=53.000000
[CudaTags] detected 0 tags
[CudaTags] frame 640x480 channels=3 type=16 stride=1920
[CudaTags] converting BGR->GRAY
[CudaTags] gray: continuous=1 step=640
[CudaTags] gray stats min=3.000000 max=52.000000
[CudaTags] detected 0 tags
[CudaTags] frame 640x480 channels=3 type=16 stride=1920
[CudaTags] converting BGR->GRAY
[CudaTags] gray: continuous=1 step=640
[CudaTags] gray stats min=3.000000 max=52.000000
[CudaTags] detected 0 tags
[CudaTags] frame 640x480 channels=3 type=16 stride=1920
[CudaTags] converting BGR->GRAY
[CudaTags] gray: continuous=1 step=640
[CudaTags] gray stats min=3.000000 max=54.000000
[CudaTags] detected 0 tags
[CudaTags] frame 640x480 channels=3 type=16 stride=1920
[CudaTags] converting BGR->GRAY
[CudaTags] gray: continuous=1 step=640
[CudaTags] gray stats min=3.000000 max=53.000000
[CudaTags] detected 0 tags
[CudaTags] frame 640x480 channels=3 type=16 stride=1920
[CudaTags] converting BGR->GRAY
[CudaTags] gray: continuous=1 step=640
[CudaTags] gray stats min=3.000000 max=53.000000
[CudaTags] detected 0 tags
[CudaTags] frame 640x480 channels=3 type=16 stride=1920
[CudaTags] converting BGR->GRAY
[CudaTags] gray: continuous=1 step=640
[CudaTags] gray stats min=3.000000 max=53.000000
[CudaTags] detected 0 tags
[CudaTags] frame 640x480 channels=3 type=16 stride=1920
[CudaTags] converting BGR->GRAY
[CudaTags] gray: continuous=1 step=640
[CudaTags] gray stats min=3.000000 max=53.000000
[CudaTags] detected 0 tags
[CudaTags] frame 640x480 channels=3 type=16 stride=1920
[CudaTags] converting BGR->GRAY
[CudaTags] gray: continuous=1 step=640
[CudaTags] gray stats min=3.000000 max=54.000000
[CudaTags] detected 0 tags
[CudaTags] frame 640x480 channels=3 type=16 stride=1920
[CudaTags] converting BGR->GRAY
[CudaTags] gray: continuous=1 step=640
[CudaTags] gray stats min=3.000000 max=54.000000
[CudaTags] detected 0 tags
[CudaTags] frame 640x480 channels=3 type=16 stride=1920
[CudaTags] converting BGR->GRAY
[CudaTags] gray: continuous=1 step=640
[CudaTags] gray stats min=3.000000 max=54.000000
[CudaTags] detected 0 tags
[CudaTags] frame 640x480 channels=3 type=16 stride=1920
[CudaTags] converting BGR->GRAY
[CudaTags] gray: continuous=1 step=640
[CudaTags] gray stats min=3.000000 max=54.000000
[CudaTags] detected 0 tags
[CudaTags] frame 640x480 channels=3 type=16 stride=1920
[CudaTags] converting BGR->GRAY
[CudaTags] gray: continuous=1 step=640
[CudaTags] gray stats min=3.000000 max=54.000000
[CudaTags] detected 0 tags
[CudaTags] frame 640x480 channels=3 type=16 stride=1920
[CudaTags] converting BGR->GRAY
[CudaTags] gray: continuous=1 step=640
[CudaTags] gray stats min=3.000000 max=54.000000
[CudaTags] detected 0 tags
[CudaTags] frame 640x480 channels=3 type=16 stride=1920
[CudaTags] converting BGR->GRAY
[CudaTags] gray: continuous=1 step=640
[CudaTags] gray stats min=3.000000 max=54.000000
[CudaTags] detected 0 tags
[CudaTags] frame 640x480 channels=3 type=16 stride=1920
[CudaTags] converting BGR->GRAY
[CudaTags] gray: continuous=1 step=640
[CudaTags] gray stats min=3.000000 max=54.000000
[CudaTags] detected 0 tags
[CudaTags] frame 640x480 channels=3 type=16 stride=1920
[CudaTags] converting BGR->GRAY
[CudaTags] gray: continuous=1 step=640
[CudaTags] gray stats min=3.000000 max=55.000000
[CudaTags] detected 0 tags
[CudaTags] frame 640x480 channels=3 type=16 stride=1920
[CudaTags] converting BGR->GRAY
[CudaTags] gray: continuous=1 step=640
[CudaTags] gray stats min=3.000000 max=54.000000
[CudaTags] detected 0 tags
[CudaTags] frame 640x480 channels=3 type=16 stride=1920
[CudaTags] converting BGR->GRAY
[CudaTags] gray: continuous=1 step=640
[CudaTags] gray stats min=3.000000 max=55.000000
[CudaTags] detected 0 tags
[CudaTags] frame 640x480 channels=3 type=16 stride=1920
[CudaTags] converting BGR->GRAY
[CudaTags] gray: continuous=1 step=640
[CudaTags] gray stats min=3.000000 max=55.000000
[CudaTags] detected 0 tags
[CudaTags] frame 640x480 channels=3 type=16 stride=1920
[CudaTags] converting BGR->GRAY
[CudaTags] gray: continuous=1 step=640
[CudaTags] gray stats min=3.000000 max=54.000000
[CudaTags] detected 0 tags
[CudaTags] frame 640x480 channels=3 type=16 stride=1920
[CudaTags] converting BGR->GRAY
[CudaTags] gray: continuous=1 step=640
[CudaTags] gray stats min=3.000000 max=53.000000
[CudaTags] detected 0 tags
[CudaTags] frame 640x480 channels=3 type=16 stride=1920
[CudaTags] converting BGR->GRAY
[CudaTags] gray: continuous=1 step=640
[CudaTags] gray stats min=3.000000 max=55.000000
[CudaTags] detected 0 tags
[CudaTags] frame 640x480 channels=3 type=16 stride=1920
[CudaTags] converting BGR->GRAY
[CudaTags] gray: continuous=1 step=640
[CudaTags] gray stats min=3.000000 max=55.000000
[CudaTags] detected 0 tags
[CudaTags] frame 640x480 channels=3 type=16 stride=1920
[CudaTags] converting BGR->GRAY
[CudaTags] gray: continuous=1 step=640
[CudaTags] gray stats min=3.000000 max=54.000000
[CudaTags] detected 0 tags
[CudaTags] frame 640x480 channels=3 type=16 stride=1920
[CudaTags] converting BGR->GRAY
[CudaTags] gray: continuous=1 step=640
[CudaTags] gray stats min=3.000000 max=54.000000
[CudaTags] detected 0 tags
[CudaTags] frame 640x480 channels=3 type=16 stride=1920
[CudaTags] converting BGR->GRAY
[CudaTags] gray: continuous=1 step=640
[CudaTags] gray stats min=3.000000 max=54.000000
[CudaTags] detected 0 tags
[CudaTags] frame 640x480 channels=3 type=16 stride=1920
[CudaTags] converting BGR->GRAY
[CudaTags] gray: continuous=1 step=640
[CudaTags] gray stats min=4.000000 max=54.000000
[CudaTags] detected 0 tags
[CudaTags] frame 640x480 channels=3 type=16 stride=1920
[CudaTags] converting BGR->GRAY
[CudaTags] gray: continuous=1 step=640
[CudaTags] gray stats min=3.000000 max=54.000000
[CudaTags] detected 0 tags
[CudaTags] frame 640x480 channels=3 type=16 stride=1920
[CudaTags] converting BGR->GRAY
[CudaTags] gray: continuous=1 step=640
[CudaTags] gray stats min=3.000000 max=53.000000
[CudaTags] detected 0 tags
[CudaTags] frame 640x480 channels=3 type=16 stride=1920
[CudaTags] converting BGR->GRAY
[CudaTags] gray: continuous=1 step=640
[CudaTags] gray stats min=3.000000 max=54.000000
[CudaTags] detected 0 tags
[CudaTags] frame 640x480 channels=3 type=16 stride=1920
[CudaTags] converting BGR->GRAY
[CudaTags] gray: continuous=1 step=640
[CudaTags] gray stats min=3.000000 max=53.000000
[CudaTags] detected 0 tags
[CudaTags] frame 640x480 channels=3 type=16 stride=1920
[CudaTags] converting BGR->GRAY
[CudaTags] gray: continuous=1 step=640
[CudaTags] gray stats min=3.000000 max=53.000000
[CudaTags] detected 0 tags
[CudaTags] frame 640x480 channels=3 type=16 stride=1920
[CudaTags] converting BGR->GRAY
[CudaTags] gray: continuous=1 step=640
[CudaTags] gray stats min=3.000000 max=54.000000
[CudaTags] detected 0 tags
[CudaTags] frame 640x480 channels=3 type=16 stride=1920
[CudaTags] converting BGR->GRAY
[CudaTags] gray: continuous=1 step=640
[CudaTags] gray stats min=3.000000 max=53.000000
[CudaTags] detected 0 tags
[CudaTags] frame 640x480 channels=3 type=16 stride=1920
[CudaTags] converting BGR->GRAY
[CudaTags] gray: continuous=1 step=640
[CudaTags] gray stats min=3.000000 max=54.000000
[CudaTags] detected 0 tags
[CudaTags] frame 640x480 channels=3 type=16 stride=1920
[CudaTags] converting BGR->GRAY
[CudaTags] gray: continuous=1 step=640
[CudaTags] gray stats min=3.000000 max=53.000000
[CudaTags] detected 0 tags
[CudaTags] frame 640x480 channels=3 type=16 stride=1920
[CudaTags] converting BGR->GRAY
[CudaTags] gray: continuous=1 step=640
[CudaTags] gray stats min=3.000000 max=53.000000
[CudaTags] detected 0 tags
[CudaTags] frame 640x480 channels=3 type=16 stride=1920
[CudaTags] converting BGR->GRAY
[CudaTags] gray: continuous=1 step=640
[CudaTags] gray stats min=4.000000 max=53.000000
[CudaTags] detected 0 tags
[CudaTags] frame 640x480 channels=3 type=16 stride=1920
[CudaTags] converting BGR->GRAY
[CudaTags] gray: continuous=1 step=640
[CudaTags] gray stats min=3.000000 max=53.000000
[CudaTags] detected 0 tags
[CudaTags] frame 640x480 channels=3 type=16 stride=1920
[CudaTags] converting BGR->GRAY
[CudaTags] gray: continuous=1 step=640
[CudaTags] gray stats min=4.000000 max=54.000000
[CudaTags] detected 0 tags
[CudaTags] frame 640x480 channels=3 type=16 stride=1920
[CudaTags] converting BGR->GRAY
[CudaTags] gray: continuous=1 step=640
[CudaTags] gray stats min=3.000000 max=54.000000
[CudaTags] detected 0 tags
[CudaTags] frame 640x480 channels=3 type=16 stride=1920
[CudaTags] converting BGR->GRAY
[CudaTags] gray: continuous=1 step=640
[CudaTags] gray stats min=3.000000 max=55.000000
[CudaTags] detected 0 tags
[CudaTags] frame 640x480 channels=3 type=16 stride=1920
[CudaTags] converting BGR->GRAY
[CudaTags] gray: continuous=1 step=640
[CudaTags] gray stats min=3.000000 max=54.000000
[CudaTags] detected 0 tags
[CudaTags] frame 640x480 channels=3 type=16 stride=1920
[CudaTags] converting BGR->GRAY
[CudaTags] gray: continuous=1 step=640
[CudaTags] gray stats min=3.000000 max=54.000000
[CudaTags] detected 0 tags
[CudaTags] frame 640x480 channels=3 type=16 stride=1920
[CudaTags] converting BGR->GRAY
[CudaTags] gray: continuous=1 step=640
[CudaTags] gray stats min=3.000000 max=54.000000
[CudaTags] detected 0 tags
[CudaTags] frame 640x480 channels=3 type=16 stride=1920
[CudaTags] converting BGR->GRAY
[CudaTags] gray: continuous=1 step=640
[CudaTags] gray stats min=3.000000 max=53.000000
[CudaTags] detected 0 tags
[CudaTags] frame 640x480 channels=3 type=16 stride=1920
[CudaTags] converting BGR->GRAY
[CudaTags] gray: continuous=1 step=640
[CudaTags] gray stats min=3.000000 max=53.000000
[CudaTags] detected 0 tags
[CudaTags] frame 640x480 channels=3 type=16 stride=1920
[CudaTags] converting BGR->GRAY
[CudaTags] gray: continuous=1 step=640
[CudaTags] gray stats min=3.000000 max=54.000000
[CudaTags] detected 0 tags
[CudaTags] frame 640x480 channels=3 type=16 stride=1920
[CudaTags] converting BGR->GRAY
[CudaTags] gray: continuous=1 step=640
[CudaTags] gray stats min=3.000000 max=53.000000
[CudaTags] detected 0 tags
[CudaTags] frame 640x480 channels=3 type=16 stride=1920
[CudaTags] converting BGR->GRAY
[CudaTags] gray: continuous=1 step=640
[CudaTags] gray stats min=3.000000 max=55.000000
[CudaTags] detected 0 tags
[CudaTags] frame 640x480 channels=3 type=16 stride=1920
[CudaTags] converting BGR->GRAY
[CudaTags] gray: continuous=1 step=640
[CudaTags] gray stats min=3.000000 max=53.000000
[CudaTags] detected 0 tags
[CudaTags] frame 640x480 channels=3 type=16 stride=1920
[CudaTags] converting BGR->GRAY
[CudaTags] gray: continuous=1 step=640
[CudaTags] gray stats min=3.000000 max=54.000000
[CudaTags] detected 0 tags
[CudaTags] frame 640x480 channels=3 type=16 stride=1920
[CudaTags] converting BGR->GRAY
[CudaTags] gray: continuous=1 step=640
[CudaTags] gray stats min=4.000000 max=53.000000
[CudaTags] detected 0 tags
[CudaTags] frame 640x480 channels=3 type=16 stride=1920
[CudaTags] converting BGR->GRAY
[CudaTags] gray: continuous=1 step=640
[CudaTags] gray stats min=3.000000 max=52.000000
[CudaTags] detected 0 tags
[CudaTags] frame 640x480 channels=3 type=16 stride=1920
[CudaTags] converting BGR->GRAY
[CudaTags] gray: continuous=1 step=640
[CudaTags] gray stats min=3.000000 max=55.000000
[CudaTags] detected 0 tags
[CudaTags] frame 640x480 channels=3 type=16 stride=1920
[CudaTags] converting BGR->GRAY
[CudaTags] gray: continuous=1 step=640
[CudaTags] gray stats min=3.000000 max=53.000000
[CudaTags] detected 0 tags
[CudaTags] frame 640x480 channels=3 type=16 stride=1920
[CudaTags] converting BGR->GRAY
[CudaTags] gray: continuous=1 step=640
[CudaTags] gray stats min=3.000000 max=53.000000
[CudaTags] detected 0 tags
[CudaTags] frame 640x480 channels=3 type=16 stride=1920
[CudaTags] converting BGR->GRAY
[CudaTags] gray: continuous=1 step=640
[CudaTags] gray stats min=3.000000 max=52.000000
[CudaTags] detected 0 tags
[CudaTags] frame 640x480 channels=3 type=16 stride=1920
[CudaTags] converting BGR->GRAY
[CudaTags] gray: continuous=1 step=640
[CudaTags] gray stats min=3.000000 max=53.000000
[CudaTags] detected 0 tags
[CudaTags] frame 640x480 channels=3 type=16 stride=1920
[CudaTags] converting BGR->GRAY
[CudaTags] gray: continuous=1 step=640
[CudaTags] gray stats min=3.000000 max=53.000000
[CudaTags] detected 0 tags
[CudaTags] frame 640x480 channels=3 type=16 stride=1920
[CudaTags] converting BGR->GRAY
[CudaTags] gray: continuous=1 step=640
[CudaTags] gray stats min=3.000000 max=54.000000
[CudaTags] detected 0 tags
[CudaTags] frame 640x480 channels=3 type=16 stride=1920
[CudaTags] converting BGR->GRAY
[CudaTags] gray: continuous=1 step=640
[CudaTags] gray stats min=3.000000 max=54.000000
[CudaTags] detected 0 tags
[CudaTags] frame 640x480 channels=3 type=16 stride=1920
[CudaTags] converting BGR->GRAY
[CudaTags] gray: continuous=1 step=640
[CudaTags] gray stats min=3.000000 max=54.000000
[CudaTags] detected 0 tags
[CudaTags] frame 640x480 channels=3 type=16 stride=1920
[CudaTags] converting BGR->GRAY
[CudaTags] gray: continuous=1 step=640
[CudaTags] gray stats min=3.000000 max=53.000000
[CudaTags] detected 0 tags
[CudaTags] frame 640x480 channels=3 type=16 stride=1920
[CudaTags] converting BGR->GRAY
[CudaTags] gray: continuous=1 step=640
[CudaTags] gray stats min=3.000000 max=55.000000
[CudaTags] detected 0 tags
[CudaTags] frame 640x480 channels=3 type=16 stride=1920
[CudaTags] converting BGR->GRAY
[CudaTags] gray: continuous=1 step=640
[CudaTags] gray stats min=3.000000 max=56.000000
[CudaTags] detected 0 tags
[CudaTags] frame 640x480 channels=3 type=16 stride=1920
[CudaTags] converting BGR->GRAY
[CudaTags] gray: continuous=1 step=640
[CudaTags] gray stats min=3.000000 max=55.000000
[CudaTags] detected 0 tags
[CudaTags] frame 640x480 channels=3 type=16 stride=1920
[CudaTags] converting BGR->GRAY
[CudaTags] gray: continuous=1 step=640
[CudaTags] gray stats min=3.000000 max=55.000000
[CudaTags] detected 0 tags
[CudaTags] frame 640x480 channels=3 type=16 stride=1920
[CudaTags] converting BGR->GRAY
[CudaTags] gray: continuous=1 step=640
[CudaTags] gray stats min=3.000000 max=55.000000
[CudaTags] detected 0 tags
[CudaTags] frame 640x480 channels=3 type=16 stride=1920
[CudaTags] converting BGR->GRAY
[CudaTags] gray: continuous=1 step=640
[CudaTags] gray stats min=3.000000 max=56.000000
[CudaTags] detected 0 tags
[CudaTags] frame 640x480 channels=3 type=16 stride=1920
[CudaTags] converting BGR->GRAY
[CudaTags] gray: continuous=1 step=640
[CudaTags] gray stats min=3.000000 max=54.000000
[CudaTags] detected 0 tags
[CudaTags] frame 640x480 channels=3 type=16 stride=1920
[CudaTags] converting BGR->GRAY
[CudaTags] gray: continuous=1 step=640
[CudaTags] gray stats min=3.000000 max=55.000000
[CudaTags] detected 0 tags
[CudaTags] frame 640x480 channels=3 type=16 stride=1920
[CudaTags] converting BGR->GRAY
[CudaTags] gray: continuous=1 step=640
[CudaTags] gray stats min=3.000000 max=54.000000
[CudaTags] detected 0 tags
[CudaTags] frame 640x480 channels=3 type=16 stride=1920
[CudaTags] converting BGR->GRAY
[CudaTags] gray: continuous=1 step=640
[CudaTags] gray stats min=3.000000 max=53.000000
[CudaTags] detected 0 tags
[CudaTags] frame 640x480 channels=3 type=16 stride=1920
[CudaTags] converting BGR->GRAY
[CudaTags] gray: continuous=1 step=640
[CudaTags] gray stats min=3.000000 max=53.000000
[CudaTags] detected 0 tags
[CudaTags] frame 640x480 channels=3 type=16 stride=1920
[CudaTags] converting BGR->GRAY
[CudaTags] gray: continuous=1 step=640
[CudaTags] gray stats min=3.000000 max=53.000000
[CudaTags] detected 0 tags
[CudaTags] frame 640x480 channels=3 type=16 stride=1920
[CudaTags] converting BGR->GRAY
[CudaTags] gray: continuous=1 step=640
[CudaTags] gray stats min=3.000000 max=54.000000
[CudaTags] detected 0 tags
[CudaTags] frame 640x480 channels=3 type=16 stride=1920
[CudaTags] converting BGR->GRAY
[CudaTags] gray: continuous=1 step=640
[CudaTags] gray stats min=3.000000 max=55.000000
[CudaTags] detected 0 tags
[CudaTags] frame 640x480 channels=3 type=16 stride=1920
[CudaTags] converting BGR->GRAY
[CudaTags] gray: continuous=1 step=640
[CudaTags] gray stats min=3.000000 max=53.000000
[CudaTags] detected 0 tags
[CudaTags] frame 640x480 channels=3 type=16 stride=1920
[CudaTags] converting BGR->GRAY
[CudaTags] gray: continuous=1 step=640
[CudaTags] gray stats min=3.000000 max=53.000000
[CudaTags] detected 0 tags
[CudaTags] frame 640x480 channels=3 type=16 stride=1920
[CudaTags] converting BGR->GRAY
[CudaTags] gray: continuous=1 step=640
[CudaTags] gray stats min=3.000000 max=53.000000
[CudaTags] detected 0 tags
[CudaTags] frame 640x480 channels=3 type=16 stride=1920
[CudaTags] converting BGR->GRAY
[CudaTags] gray: continuous=1 step=640
[CudaTags] gray stats min=3.000000 max=55.000000
[CudaTags] detected 0 tags
[CudaTags] frame 640x480 channels=3 type=16 stride=1920
[CudaTags] converting BGR->GRAY
[CudaTags] gray: continuous=1 step=640
[CudaTags] gray stats min=3.000000 max=55.000000
[CudaTags] detected 0 tags
[CudaTags] frame 640x480 channels=3 type=16 stride=1920
[CudaTags] converting BGR->GRAY
[CudaTags] gray: continuous=1 step=640
[CudaTags] gray stats min=3.000000 max=56.000000
[CudaTags] detected 0 tags
[CudaTags] frame 640x480 channels=3 type=16 stride=1920
[CudaTags] converting BGR->GRAY
[CudaTags] gray: continuous=1 step=640
[CudaTags] gray stats min=3.000000 max=56.000000
[CudaTags] detected 0 tags
[CudaTags] frame 640x480 channels=3 type=16 stride=1920
[CudaTags] converting BGR->GRAY
[CudaTags] gray: continuous=1 step=640
[CudaTags] gray stats min=3.000000 max=54.000000
[CudaTags] detected 0 tags
[CudaTags] frame 640x480 channels=3 type=16 stride=1920
[CudaTags] converting BGR->GRAY
[CudaTags] gray: continuous=1 step=640
[CudaTags] gray stats min=3.000000 max=53.000000
[CudaTags] detected 0 tags
[CudaTags] frame 640x480 channels=3 type=16 stride=1920
[CudaTags] converting BGR->GRAY
[CudaTags] gray: continuous=1 step=640
[CudaTags] gray stats min=3.000000 max=53.000000
[CudaTags] detected 0 tags
[CudaTags] frame 640x480 channels=3 type=16 stride=1920
[CudaTags] converting BGR->GRAY
[CudaTags] gray: continuous=1 step=640
[CudaTags] gray stats min=3.000000 max=53.000000
[CudaTags] detected 0 tags
[CudaTags] frame 640x480 channels=3 type=16 stride=1920
[CudaTags] converting BGR->GRAY
[CudaTags] gray: continuous=1 step=640
[CudaTags] gray stats min=3.000000 max=54.000000
[CudaTags] detected 0 tags
[CudaTags] frame 640x480 channels=3 type=16 stride=1920
[CudaTags] converting BGR->GRAY
[CudaTags] gray: continuous=1 step=640
[CudaTags] gray stats min=3.000000 max=56.000000
[CudaTags] detected 0 tags
[CudaTags] frame 640x480 channels=3 type=16 stride=1920
[CudaTags] converting BGR->GRAY
[CudaTags] gray: continuous=1 step=640
[CudaTags] gray stats min=3.000000 max=56.000000
[CudaTags] detected 0 tags
[CudaTags] frame 640x480 channels=3 type=16 stride=1920
[CudaTags] converting BGR->GRAY
[CudaTags] gray: continuous=1 step=640
[CudaTags] gray stats min=3.000000 max=55.000000
[CudaTags] detected 0 tags
[CudaTags] frame 640x480 channels=3 type=16 stride=1920
[CudaTags] converting BGR->GRAY
[CudaTags] gray: continuous=1 step=640
[CudaTags] gray stats min=3.000000 max=55.000000
[CudaTags] detected 0 tags
[CudaTags] frame 640x480 channels=3 type=16 stride=1920
[CudaTags] converting BGR->GRAY
[CudaTags] gray: continuous=1 step=640
[CudaTags] gray stats min=4.000000 max=56.000000
[CudaTags] detected 0 tags
[CudaTags] frame 640x480 channels=3 type=16 stride=1920
[CudaTags] converting BGR->GRAY
[CudaTags] gray: continuous=1 step=640
[CudaTags] gray stats min=3.000000 max=54.000000
[CudaTags] detected 0 tags
[CudaTags] frame 640x480 channels=3 type=16 stride=1920
[CudaTags] converting BGR->GRAY
[CudaTags] gray: continuous=1 step=640
[CudaTags] gray stats min=3.000000 max=53.000000
[CudaTags] detected 0 tags
[CudaTags] frame 640x480 channels=3 type=16 stride=1920
[CudaTags] converting BGR->GRAY
[CudaTags] gray: continuous=1 step=640
[CudaTags] gray stats min=4.000000 max=53.000000
[CudaTags] detected 0 tags
[CudaTags] frame 640x480 channels=3 type=16 stride=1920
[CudaTags] converting BGR->GRAY
[CudaTags] gray: continuous=1 step=640
[CudaTags] gray stats min=3.000000 max=53.000000
[CudaTags] detected 0 tags
[CudaTags] frame 640x480 channels=3 type=16 stride=1920
[CudaTags] converting BGR->GRAY
[CudaTags] gray: continuous=1 step=640
[CudaTags] gray stats min=3.000000 max=53.000000
[CudaTags] detected 0 tags
[CudaTags] frame 640x480 channels=3 type=16 stride=1920
[CudaTags] converting BGR->GRAY
[CudaTags] gray: continuous=1 step=640
[CudaTags] gray stats min=4.000000 max=55.000000
[CudaTags] detected 0 tags
[CudaTags] frame 640x480 channels=3 type=16 stride=1920
[CudaTags] converting BGR->GRAY
[CudaTags] gray: continuous=1 step=640
[CudaTags] gray stats min=3.000000 max=55.000000
[CudaTags] detected 0 tags
[CudaTags] frame 640x480 channels=3 type=16 stride=1920
[CudaTags] converting BGR->GRAY
[CudaTags] gray: continuous=1 step=640
[CudaTags] gray stats min=3.000000 max=55.000000
[CudaTags] detected 0 tags
[CudaTags] frame 640x480 channels=3 type=16 stride=1920
[CudaTags] converting BGR->GRAY
[CudaTags] gray: continuous=1 step=640
[CudaTags] gray stats min=4.000000 max=55.000000
[CudaTags] detected 0 tags
[CudaTags] frame 640x480 channels=3 type=16 stride=1920
[CudaTags] converting BGR->GRAY
[CudaTags] gray: continuous=1 step=640
[CudaTags] gray stats min=3.000000 max=55.000000
[CudaTags] detected 0 tags
[CudaTags] frame 640x480 channels=3 type=16 stride=1920
[CudaTags] converting BGR->GRAY
[CudaTags] gray: continuous=1 step=640
[CudaTags] gray stats min=3.000000 max=55.000000
[CudaTags] detected 0 tags
[CudaTags] frame 640x480 channels=3 type=16 stride=1920
[CudaTags] converting BGR->GRAY
[CudaTags] gray: continuous=1 step=640
[CudaTags] gray stats min=3.000000 max=52.000000
[CudaTags] detected 0 tags
[CudaTags] frame 640x480 channels=3 type=16 stride=1920
[CudaTags] converting BGR->GRAY
[CudaTags] gray: continuous=1 step=640
[CudaTags] gray stats min=3.000000 max=54.000000
[CudaTags] detected 0 tags
[CudaTags] frame 640x480 channels=3 type=16 stride=1920
[CudaTags] converting BGR->GRAY
[CudaTags] gray: continuous=1 step=640
[CudaTags] gray stats min=3.000000 max=55.000000
[CudaTags] detected 0 tags
[CudaTags] frame 640x480 channels=3 type=16 stride=1920
[CudaTags] converting BGR->GRAY
[CudaTags] gray: continuous=1 step=640
[CudaTags] gray stats min=3.000000 max=55.000000
[CudaTags] detected 0 tags
[CudaTags] frame 640x480 channels=3 type=16 stride=1920
[CudaTags] converting BGR->GRAY
[CudaTags] gray: continuous=1 step=640
[CudaTags] gray stats min=3.000000 max=54.000000
[CudaTags] detected 0 tags
[CudaTags] frame 640x480 channels=3 type=16 stride=1920
[CudaTags] converting BGR->GRAY
[CudaTags] gray: continuous=1 step=640
[CudaTags] gray stats min=3.000000 max=53.000000
[CudaTags] detected 0 tags
[CudaTags] frame 640x480 channels=3 type=16 stride=1920
[CudaTags] converting BGR->GRAY
[CudaTags] gray: continuous=1 step=640
[CudaTags] gray stats min=3.000000 max=54.000000
[CudaTags] detected 0 tags
[CudaTags] frame 640x480 channels=3 type=16 stride=1920
[CudaTags] converting BGR->GRAY
[CudaTags] gray: continuous=1 step=640
[CudaTags] gray stats min=3.000000 max=54.000000
[CudaTags] detected 0 tags
[CudaTags] frame 640x480 channels=3 type=16 stride=1920
[CudaTags] converting BGR->GRAY
[CudaTags] gray: continuous=1 step=640
[CudaTags] gray stats min=3.000000 max=54.000000
[CudaTags] detected 0 tags
[CudaTags] frame 640x480 channels=3 type=16 stride=1920
[CudaTags] converting BGR->GRAY
[CudaTags] gray: continuous=1 step=640
[CudaTags] gray stats min=3.000000 max=56.000000
[CudaTags] detected 0 tags
[CudaTags] frame 640x480 channels=3 type=16 stride=1920
[CudaTags] converting BGR->GRAY
[CudaTags] gray: continuous=1 step=640
[CudaTags] gray stats min=3.000000 max=54.000000
[CudaTags] detected 0 tags
[CudaTags] frame 640x480 channels=3 type=16 stride=1920
[CudaTags] converting BGR->GRAY
[CudaTags] gray: continuous=1 step=640
[CudaTags] gray stats min=3.000000 max=54.000000
[CudaTags] detected 0 tags
[CudaTags] frame 640x480 channels=3 type=16 stride=1920
[CudaTags] converting BGR->GRAY
[CudaTags] gray: continuous=1 step=640
[CudaTags] gray stats min=3.000000 max=54.000000
[CudaTags] detected 0 tags
[CudaTags] frame 640x480 channels=3 type=16 stride=1920
[CudaTags] converting BGR->GRAY
[CudaTags] gray: continuous=1 step=640
[CudaTags] gray stats min=3.000000 max=53.000000
[CudaTags] detected 0 tags
[CudaTags] frame 640x480 channels=3 type=16 stride=1920
[CudaTags] converting BGR->GRAY
[CudaTags] gray: continuous=1 step=640
[CudaTags] gray stats min=3.000000 max=53.000000
[CudaTags] detected 0 tags
[CudaTags] frame 640x480 channels=3 type=16 stride=1920
[CudaTags] converting BGR->GRAY
[CudaTags] gray: continuous=1 step=640
[CudaTags] gray stats min=3.000000 max=53.000000
[CudaTags] detected 0 tags
[CudaTags] frame 640x480 channels=3 type=16 stride=1920
[CudaTags] converting BGR->GRAY
[CudaTags] gray: continuous=1 step=640
[CudaTags] gray stats min=3.000000 max=53.000000
[CudaTags] detected 0 tags
[CudaTags] frame 640x480 channels=3 type=16 stride=1920
[CudaTags] converting BGR->GRAY
[CudaTags] gray: continuous=1 step=640
[CudaTags] gray stats min=3.000000 max=54.000000
[CudaTags] detected 0 tags
[CudaTags] frame 640x480 channels=3 type=16 stride=1920
[CudaTags] converting BGR->GRAY
[CudaTags] gray: continuous=1 step=640
[CudaTags] gray stats min=3.000000 max=53.000000
[CudaTags] detected 0 tags
[CudaTags] frame 640x480 channels=3 type=16 stride=1920
[CudaTags] converting BGR->GRAY
[CudaTags] gray: continuous=1 step=640
[CudaTags] gray stats min=3.000000 max=53.000000
[CudaTags] detected 0 tags
[CudaTags] frame 640x480 channels=3 type=16 stride=1920
[CudaTags] converting BGR->GRAY
[CudaTags] gray: continuous=1 step=640
[CudaTags] gray stats min=3.000000 max=55.000000
[CudaTags] detected 0 tags
[CudaTags] frame 640x480 channels=3 type=16 stride=1920
[CudaTags] converting BGR->GRAY
[CudaTags] gray: continuous=1 step=640
[CudaTags] gray stats min=3.000000 max=56.000000
[CudaTags] detected 0 tags
[CudaTags] frame 640x480 channels=3 type=16 stride=1920
[CudaTags] converting BGR->GRAY
[CudaTags] gray: continuous=1 step=640
[CudaTags] gray stats min=3.000000 max=54.000000
[CudaTags] detected 0 tags
[CudaTags] frame 640x480 channels=3 type=16 stride=1920
[CudaTags] converting BGR->GRAY
[CudaTags] gray: continuous=1 step=640
[CudaTags] gray stats min=3.000000 max=55.000000
[CudaTags] detected 0 tags
[CudaTags] frame 640x480 channels=3 type=16 stride=1920
[CudaTags] converting BGR->GRAY
[CudaTags] gray: continuous=1 step=640
[CudaTags] gray stats min=3.000000 max=55.000000
[CudaTags] detected 0 tags
[CudaTags] frame 640x480 channels=3 type=16 stride=1920
[CudaTags] converting BGR->GRAY
[CudaTags] gray: continuous=1 step=640
[CudaTags] gray stats min=3.000000 max=54.000000
[CudaTags] detected 0 tags
[CudaTags] frame 640x480 channels=3 type=16 stride=1920
[CudaTags] converting BGR->GRAY
[CudaTags] gray: continuous=1 step=640
[CudaTags] gray stats min=3.000000 max=55.000000
[CudaTags] detected 0 tags
[CudaTags] frame 640x480 channels=3 type=16 stride=1920
[CudaTags] converting BGR->GRAY
[CudaTags] gray: continuous=1 step=640
[CudaTags] gray stats min=3.000000 max=55.000000
[CudaTags] detected 0 tags
[CudaTags] frame 640x480 channels=3 type=16 stride=1920
[CudaTags] converting BGR->GRAY
[CudaTags] gray: continuous=1 step=640
[CudaTags] gray stats min=3.000000 max=54.000000
[CudaTags] detected 0 tags
[CudaTags] frame 640x480 channels=3 type=16 stride=1920
[CudaTags] converting BGR->GRAY
[CudaTags] gray: continuous=1 step=640
[CudaTags] gray stats min=3.000000 max=53.000000
[CudaTags] detected 0 tags
[CudaTags] frame 640x480 channels=3 type=16 stride=1920
[CudaTags] converting BGR->GRAY
[CudaTags] gray: continuous=1 step=640
[CudaTags] gray stats min=3.000000 max=54.000000
[CudaTags] detected 0 tags
[CudaTags] frame 640x480 channels=3 type=16 stride=1920
[CudaTags] converting BGR->GRAY
[CudaTags] gray: continuous=1 step=640
[CudaTags] gray stats min=3.000000 max=54.000000
[CudaTags] detected 0 tags
[CudaTags] frame 640x480 channels=3 type=16 stride=1920
[CudaTags] converting BGR->GRAY
[CudaTags] gray: continuous=1 step=640
[CudaTags] gray stats min=3.000000 max=54.000000
[CudaTags] detected 0 tags
[CudaTags] frame 640x480 channels=3 type=16 stride=1920
[CudaTags] converting BGR->GRAY
[CudaTags] gray: continuous=1 step=640
[CudaTags] gray stats min=3.000000 max=55.000000
[CudaTags] detected 0 tags
[CudaTags] frame 640x480 channels=3 type=16 stride=1920
[CudaTags] converting BGR->GRAY
[CudaTags] gray: continuous=1 step=640
[CudaTags] gray stats min=2.000000 max=55.000000
[CudaTags] detected 0 tags
[CudaTags] frame 640x480 channels=3 type=16 stride=1920
[CudaTags] converting BGR->GRAY
[CudaTags] gray: continuous=1 step=640
[CudaTags] gray stats min=3.000000 max=55.000000
[CudaTags] detected 0 tags
[CudaTags] frame 640x480 channels=3 type=16 stride=1920
[CudaTags] converting BGR->GRAY
[CudaTags] gray: continuous=1 step=640
[CudaTags] gray stats min=3.000000 max=54.000000
[CudaTags] detected 0 tags
[CudaTags] frame 640x480 channels=3 type=16 stride=1920
[CudaTags] converting BGR->GRAY
[CudaTags] gray: continuous=1 step=640
[CudaTags] gray stats min=3.000000 max=55.000000
[CudaTags] detected 0 tags
[CudaTags] frame 640x480 channels=3 type=16 stride=1920
[CudaTags] converting BGR->GRAY
[CudaTags] gray: continuous=1 step=640
[CudaTags] gray stats min=4.000000 max=55.000000
[CudaTags] detected 0 tags
[CudaTags] frame 640x480 channels=3 type=16 stride=1920
[CudaTags] converting BGR->GRAY
[CudaTags] gray: continuous=1 step=640
[CudaTags] gray stats min=3.000000 max=54.000000
[CudaTags] detected 0 tags
[CudaTags] frame 640x480 channels=3 type=16 stride=1920
[CudaTags] converting BGR->GRAY
[CudaTags] gray: continuous=1 step=640
[CudaTags] gray stats min=3.000000 max=55.000000
[CudaTags] detected 0 tags
[CudaTags] frame 640x480 channels=3 type=16 stride=1920
[CudaTags] converting BGR->GRAY
[CudaTags] gray: continuous=1 step=640
[CudaTags] gray stats min=3.000000 max=55.000000
[CudaTags] detected 0 tags
[CudaTags] frame 640x480 channels=3 type=16 stride=1920
[CudaTags] converting BGR->GRAY
[CudaTags] gray: continuous=1 step=640
[CudaTags] gray stats min=3.000000 max=55.000000
[CudaTags] detected 0 tags
[CudaTags] frame 640x480 channels=3 type=16 stride=1920
[CudaTags] converting BGR->GRAY
[CudaTags] gray: continuous=1 step=640
[CudaTags] gray stats min=3.000000 max=54.000000
[CudaTags] detected 0 tags
[CudaTags] frame 640x480 channels=3 type=16 stride=1920
[CudaTags] converting BGR->GRAY
[CudaTags] gray: continuous=1 step=640
[CudaTags] gray stats min=3.000000 max=55.000000
[CudaTags] detected 0 tags
[CudaTags] frame 640x480 channels=3 type=16 stride=1920
[CudaTags] converting BGR->GRAY
[CudaTags] gray: continuous=1 step=640
[CudaTags] gray stats min=3.000000 max=55.000000
[CudaTags] detected 0 tags
[CudaTags] frame 640x480 channels=3 type=16 stride=1920
[CudaTags] converting BGR->GRAY
[CudaTags] gray: continuous=1 step=640
[CudaTags] gray stats min=3.000000 max=55.000000
[CudaTags] detected 0 tags
[CudaTags] frame 640x480 channels=3 type=16 stride=1920
[CudaTags] converting BGR->GRAY
[CudaTags] gray: continuous=1 step=640
[CudaTags] gray stats min=3.000000 max=55.000000
[CudaTags] detected 0 tags
[CudaTags] frame 640x480 channels=3 type=16 stride=1920
[CudaTags] converting BGR->GRAY
[CudaTags] gray: continuous=1 step=640
[CudaTags] gray stats min=3.000000 max=55.000000
[CudaTags] detected 0 tags
[CudaTags] frame 640x480 channels=3 type=16 stride=1920
[CudaTags] converting BGR->GRAY
[CudaTags] gray: continuous=1 step=640
[CudaTags] gray stats min=3.000000 max=55.000000
[CudaTags] detected 0 tags
[CudaTags] frame 640x480 channels=3 type=16 stride=1920
[CudaTags] converting BGR->GRAY
[CudaTags] gray: continuous=1 step=640
[CudaTags] gray stats min=3.000000 max=54.000000
[CudaTags] detected 0 tags
[CudaTags] frame 640x480 channels=3 type=16 stride=1920
[CudaTags] converting BGR->GRAY
[CudaTags] gray: continuous=1 step=640
[CudaTags] gray stats min=3.000000 max=54.000000
[CudaTags] detected 0 tags
[CudaTags] frame 640x480 channels=3 type=16 stride=1920
[CudaTags] converting BGR->GRAY
[CudaTags] gray: continuous=1 step=640
[CudaTags] gray stats min=3.000000 max=54.000000
[CudaTags] detected 0 tags
[CudaTags] frame 640x480 channels=3 type=16 stride=1920
[CudaTags] converting BGR->GRAY
[CudaTags] gray: continuous=1 step=640
[CudaTags] gray stats min=2.000000 max=54.000000
[CudaTags] detected 0 tags
[CudaTags] frame 640x480 channels=3 type=16 stride=1920
[CudaTags] converting BGR->GRAY
[CudaTags] gray: continuous=1 step=640
[CudaTags] gray stats min=3.000000 max=55.000000
[CudaTags] detected 0 tags
[CudaTags] frame 640x480 channels=3 type=16 stride=1920
[CudaTags] converting BGR->GRAY
[CudaTags] gray: continuous=1 step=640
[CudaTags] gray stats min=3.000000 max=55.000000
[CudaTags] detected 0 tags
[CudaTags] frame 640x480 channels=3 type=16 stride=1920
[CudaTags] converting BGR->GRAY
[CudaTags] gray: continuous=1 step=640
[CudaTags] gray stats min=3.000000 max=55.000000
[CudaTags] detected 0 tags
[CudaTags] frame 640x480 channels=3 type=16 stride=1920
[CudaTags] converting BGR->GRAY
[CudaTags] gray: continuous=1 step=640
[CudaTags] gray stats min=3.000000 max=55.000000
[CudaTags] detected 0 tags
[CudaTags] frame 640x480 channels=3 type=16 stride=1920
[CudaTags] converting BGR->GRAY
[CudaTags] gray: continuous=1 step=640
[CudaTags] gray stats min=3.000000 max=54.000000
[CudaTags] detected 0 tags
[CudaTags] frame 640x480 channels=3 type=16 stride=1920
[CudaTags] converting BGR->GRAY
[CudaTags] gray: continuous=1 step=640
[CudaTags] gray stats min=3.000000 max=54.000000
[CudaTags] detected 0 tags
[CudaTags] frame 640x480 channels=3 type=16 stride=1920
[CudaTags] converting BGR->GRAY
[CudaTags] gray: continuous=1 step=640
[CudaTags] gray stats min=3.000000 max=55.000000
[CudaTags] detected 0 tags
[CudaTags] frame 640x480 channels=3 type=16 stride=1920
[CudaTags] converting BGR->GRAY
[CudaTags] gray: continuous=1 step=640
[CudaTags] gray stats min=3.000000 max=55.000000
[CudaTags] detected 0 tags
[CudaTags] frame 640x480 channels=3 type=16 stride=1920
[CudaTags] converting BGR->GRAY
[CudaTags] gray: continuous=1 step=640
[CudaTags] gray stats min=3.000000 max=54.000000
[CudaTags] detected 0 tags
[CudaTags] frame 640x480 channels=3 type=16 stride=1920
[CudaTags] converting BGR->GRAY
[CudaTags] gray: continuous=1 step=640
[CudaTags] gray stats min=3.000000 max=54.000000
[CudaTags] detected 0 tags
[CudaTags] frame 640x480 channels=3 type=16 stride=1920
[CudaTags] converting BGR->GRAY
[CudaTags] gray: continuous=1 step=640
[CudaTags] gray stats min=3.000000 max=55.000000
[CudaTags] detected 0 tags
[CudaTags] frame 640x480 channels=3 type=16 stride=1920
[CudaTags] converting BGR->GRAY
[CudaTags] gray: continuous=1 step=640
[CudaTags] gray stats min=4.000000 max=55.000000
[CudaTags] detected 0 tags
[CudaTags] frame 640x480 channels=3 type=16 stride=1920
[CudaTags] converting BGR->GRAY
[CudaTags] gray: continuous=1 step=640
[CudaTags] gray stats min=3.000000 max=54.000000
[CudaTags] detected 0 tags
[CudaTags] frame 640x480 channels=3 type=16 stride=1920
[CudaTags] converting BGR->GRAY
[CudaTags] gray: continuous=1 step=640
[CudaTags] gray stats min=3.000000 max=53.000000
[CudaTags] detected 0 tags
[CudaTags] frame 640x480 channels=3 type=16 stride=1920
[CudaTags] converting BGR->GRAY
[CudaTags] gray: continuous=1 step=640
[CudaTags] gray stats min=3.000000 max=55.000000
[CudaTags] detected 0 tags
[CudaTags] frame 640x480 channels=3 type=16 stride=1920
[CudaTags] converting BGR->GRAY
[CudaTags] gray: continuous=1 step=640
[CudaTags] gray stats min=3.000000 max=55.000000
[CudaTags] detected 0 tags
[CudaTags] frame 640x480 channels=3 type=16 stride=1920
[CudaTags] converting BGR->GRAY
[CudaTags] gray: continuous=1 step=640
[CudaTags] gray stats min=3.000000 max=54.000000
[CudaTags] detected 0 tags
[CudaTags] frame 640x480 channels=3 type=16 stride=1920
[CudaTags] converting BGR->GRAY
[CudaTags] gray: continuous=1 step=640
[CudaTags] gray stats min=3.000000 max=53.000000
[CudaTags] detected 0 tags
[CudaTags] frame 640x480 channels=3 type=16 stride=1920
[CudaTags] converting BGR->GRAY
[CudaTags] gray: continuous=1 step=640
[CudaTags] gray stats min=3.000000 max=55.000000
[CudaTags] detected 0 tags
[CudaTags] frame 640x480 channels=3 type=16 stride=1920
[CudaTags] converting BGR->GRAY
[CudaTags] gray: continuous=1 step=640
[CudaTags] gray stats min=3.000000 max=55.000000
[CudaTags] detected 0 tags
[CudaTags] frame 640x480 channels=3 type=16 stride=1920
[CudaTags] converting BGR->GRAY
[CudaTags] gray: continuous=1 step=640
[CudaTags] gray stats min=3.000000 max=55.000000
[CudaTags] detected 0 tags
[CudaTags] frame 640x480 channels=3 type=16 stride=1920
[CudaTags] converting BGR->GRAY
[CudaTags] gray: continuous=1 step=640
[CudaTags] gray stats min=3.000000 max=55.000000
[CudaTags] detected 0 tags
[CudaTags] frame 640x480 channels=3 type=16 stride=1920
[CudaTags] converting BGR->GRAY
[CudaTags] gray: continuous=1 step=640
[CudaTags] gray stats min=3.000000 max=55.000000
[CudaTags] detected 0 tags
[CudaTags] frame 640x480 channels=3 type=16 stride=1920
[CudaTags] converting BGR->GRAY
[CudaTags] gray: continuous=1 step=640
[CudaTags] gray stats min=3.000000 max=55.000000
[CudaTags] detected 0 tags
[CudaTags] frame 640x480 channels=3 type=16 stride=1920
[CudaTags] converting BGR->GRAY
[CudaTags] gray: continuous=1 step=640
[CudaTags] gray stats min=3.000000 max=56.000000
[CudaTags] detected 0 tags
[CudaTags] frame 640x480 channels=3 type=16 stride=1920
[CudaTags] converting BGR->GRAY
[CudaTags] gray: continuous=1 step=640
[CudaTags] gray stats min=3.000000 max=56.000000
[CudaTags] detected 0 tags
[CudaTags] frame 640x480 channels=3 type=16 stride=1920
[CudaTags] converting BGR->GRAY
[CudaTags] gray: continuous=1 step=640
[CudaTags] gray stats min=3.000000 max=56.000000
[CudaTags] detected 0 tags
[CudaTags] frame 640x480 channels=3 type=16 stride=1920
[CudaTags] converting BGR->GRAY
[CudaTags] gray: continuous=1 step=640
[CudaTags] gray stats min=4.000000 max=56.000000
[CudaTags] detected 0 tags
[CudaTags] frame 640x480 channels=3 type=16 stride=1920
[CudaTags] converting BGR->GRAY
[CudaTags] gray: continuous=1 step=640
[CudaTags] gray stats min=3.000000 max=56.000000
[CudaTags] detected 0 tags
[CudaTags] frame 640x480 channels=3 type=16 stride=1920
[CudaTags] converting BGR->GRAY
[CudaTags] gray: continuous=1 step=640
[CudaTags] gray stats min=3.000000 max=56.000000
[CudaTags] detected 0 tags
[CudaTags] frame 640x480 channels=3 type=16 stride=1920
[CudaTags] converting BGR->GRAY
[CudaTags] gray: continuous=1 step=640
[CudaTags] gray stats min=3.000000 max=55.000000
[CudaTags] detected 0 tags
[CudaTags] frame 640x480 channels=3 type=16 stride=1920
[CudaTags] converting BGR->GRAY
[CudaTags] gray: continuous=1 step=640
[CudaTags] gray stats min=3.000000 max=56.000000
[CudaTags] detected 0 tags
[CudaTags] frame 640x480 channels=3 type=16 stride=1920
[CudaTags] converting BGR->GRAY
[CudaTags] gray: continuous=1 step=640
[CudaTags] gray stats min=3.000000 max=55.000000
[CudaTags] detected 0 tags
[CudaTags] frame 640x480 channels=3 type=16 stride=1920
[CudaTags] converting BGR->GRAY
[CudaTags] gray: continuous=1 step=640
[CudaTags] gray stats min=3.000000 max=55.000000
[CudaTags] detected 0 tags
[CudaTags] frame 640x480 channels=3 type=16 stride=1920
[CudaTags] converting BGR->GRAY
[CudaTags] gray: continuous=1 step=640
[CudaTags] gray stats min=3.000000 max=56.000000
[CudaTags] detected 0 tags
[CudaTags] frame 640x480 channels=3 type=16 stride=1920
[CudaTags] converting BGR->GRAY
[CudaTags] gray: continuous=1 step=640
[CudaTags] gray stats min=3.000000 max=55.000000
[CudaTags] detected 0 tags
[CudaTags] frame 640x480 channels=3 type=16 stride=1920
[CudaTags] converting BGR->GRAY
[CudaTags] gray: continuous=1 step=640
[CudaTags] gray stats min=3.000000 max=55.000000
[CudaTags] detected 0 tags
[CudaTags] frame 640x480 channels=3 type=16 stride=1920
[CudaTags] converting BGR->GRAY
[CudaTags] gray: continuous=1 step=640
[CudaTags] gray stats min=3.000000 max=55.000000
[CudaTags] detected 0 tags
[CudaTags] frame 640x480 channels=3 type=16 stride=1920
[CudaTags] converting BGR->GRAY
[CudaTags] gray: continuous=1 step=640
[CudaTags] gray stats min=3.000000 max=56.000000
[CudaTags] detected 0 tags
[CudaTags] frame 640x480 channels=3 type=16 stride=1920
[CudaTags] converting BGR->GRAY
[CudaTags] gray: continuous=1 step=640
[CudaTags] gray stats min=3.000000 max=56.000000
[CudaTags] detected 0 tags
[CudaTags] frame 640x480 channels=3 type=16 stride=1920
[CudaTags] converting BGR->GRAY
[CudaTags] gray: continuous=1 step=640
[CudaTags] gray stats min=3.000000 max=55.000000
[CudaTags] detected 0 tags
[CudaTags] frame 640x480 channels=3 type=16 stride=1920
[CudaTags] converting BGR->GRAY
[CudaTags] gray: continuous=1 step=640
[CudaTags] gray stats min=3.000000 max=55.000000
[CudaTags] detected 0 tags
[CudaTags] frame 640x480 channels=3 type=16 stride=1920
[CudaTags] converting BGR->GRAY
[CudaTags] gray: continuous=1 step=640
[CudaTags] gray stats min=3.000000 max=54.000000
[CudaTags] detected 0 tags
[CudaTags] frame 640x480 channels=3 type=16 stride=1920
[CudaTags] converting BGR->GRAY
[CudaTags] gray: continuous=1 step=640
[CudaTags] gray stats min=3.000000 max=54.000000
[CudaTags] detected 0 tags
[CudaTags] frame 640x480 channels=3 type=16 stride=1920
[CudaTags] converting BGR->GRAY
[CudaTags] gray: continuous=1 step=640
[CudaTags] gray stats min=3.000000 max=54.000000
[CudaTags] detected 0 tags
[CudaTags] frame 640x480 channels=3 type=16 stride=1920
[CudaTags] converting BGR->GRAY
[CudaTags] gray: continuous=1 step=640
[CudaTags] gray stats min=3.000000 max=55.000000
[CudaTags] detected 0 tags
[CudaTags] frame 640x480 channels=3 type=16 stride=1920
[CudaTags] converting BGR->GRAY
[CudaTags] gray: continuous=1 step=640
[CudaTags] gray stats min=3.000000 max=55.000000
[CudaTags] detected 0 tags
[CudaTags] frame 640x480 channels=3 type=16 stride=1920
[CudaTags] converting BGR->GRAY
[CudaTags] gray: continuous=1 step=640
[CudaTags] gray stats min=3.000000 max=54.000000
[CudaTags] detected 0 tags
[CudaTags] frame 640x480 channels=3 type=16 stride=1920
[CudaTags] converting BGR->GRAY
[CudaTags] gray: continuous=1 step=640
[CudaTags] gray stats min=3.000000 max=55.000000
[CudaTags] detected 0 tags
[CudaTags] frame 640x480 channels=3 type=16 stride=1920
[CudaTags] converting BGR->GRAY
[CudaTags] gray: continuous=1 step=640
[CudaTags] gray stats min=3.000000 max=55.000000
[CudaTags] detected 0 tags
[CudaTags] frame 640x480 channels=3 type=16 stride=1920
[CudaTags] converting BGR->GRAY
[CudaTags] gray: continuous=1 step=640
[CudaTags] gray stats min=3.000000 max=55.000000
[CudaTags] detected 0 tags
[CudaTags] frame 640x480 channels=3 type=16 stride=1920
[CudaTags] converting BGR->GRAY
[CudaTags] gray: continuous=1 step=640
[CudaTags] gray stats min=3.000000 max=55.000000
[CudaTags] detected 0 tags
[CudaTags] frame 640x480 channels=3 type=16 stride=1920
[CudaTags] converting BGR->GRAY
[CudaTags] gray: continuous=1 step=640
[CudaTags] gray stats min=3.000000 max=55.000000
[CudaTags] detected 0 tags
[CudaTags] frame 640x480 channels=3 type=16 stride=1920
[CudaTags] converting BGR->GRAY
[CudaTags] gray: continuous=1 step=640
[CudaTags] gray stats min=3.000000 max=55.000000
[CudaTags] detected 0 tags
[CudaTags] frame 640x480 channels=3 type=16 stride=1920
[CudaTags] converting BGR->GRAY
[CudaTags] gray: continuous=1 step=640
[CudaTags] gray stats min=3.000000 max=55.000000
[CudaTags] detected 0 tags
[CudaTags] frame 640x480 channels=3 type=16 stride=1920
[CudaTags] converting BGR->GRAY
[CudaTags] gray: continuous=1 step=640
[CudaTags] gray stats min=3.000000 max=55.000000
[CudaTags] detected 0 tags
[CudaTags] frame 640x480 channels=3 type=16 stride=1920
[CudaTags] converting BGR->GRAY
[CudaTags] gray: continuous=1 step=640
[CudaTags] gray stats min=3.000000 max=58.000000
[CudaTags] detected 0 tags
[CudaTags] frame 640x480 channels=3 type=16 stride=1920
[CudaTags] converting BGR->GRAY
[CudaTags] gray: continuous=1 step=640
[CudaTags] gray stats min=3.000000 max=58.000000
[CudaTags] detected 0 tags
[CudaTags] frame 640x480 channels=3 type=16 stride=1920
[CudaTags] converting BGR->GRAY
[CudaTags] gray: continuous=1 step=640
[CudaTags] gray stats min=3.000000 max=58.000000
[CudaTags] detected 0 tags
[CudaTags] frame 640x480 channels=3 type=16 stride=1920
[CudaTags] converting BGR->GRAY
[CudaTags] gray: continuous=1 step=640
[CudaTags] gray stats min=3.000000 max=57.000000
[CudaTags] detected 0 tags
[CudaTags] frame 640x480 channels=3 type=16 stride=1920
[CudaTags] converting BGR->GRAY
[CudaTags] gray: continuous=1 step=640
[CudaTags] gray stats min=3.000000 max=55.000000
[CudaTags] detected 0 tags
[CudaTags] frame 640x480 channels=3 type=16 stride=1920
[CudaTags] converting BGR->GRAY
[CudaTags] gray: continuous=1 step=640
[CudaTags] gray stats min=3.000000 max=55.000000
[CudaTags] detected 0 tags
[CudaTags] frame 640x480 channels=3 type=16 stride=1920
[CudaTags] converting BGR->GRAY
[CudaTags] gray: continuous=1 step=640
[CudaTags] gray stats min=3.000000 max=55.000000
[CudaTags] detected 0 tags
[CudaTags] frame 640x480 channels=3 type=16 stride=1920
[CudaTags] converting BGR->GRAY
[CudaTags] gray: continuous=1 step=640
[CudaTags] gray stats min=3.000000 max=56.000000
[CudaTags] detected 0 tags
[CudaTags] frame 640x480 channels=3 type=16 stride=1920
[CudaTags] converting BGR->GRAY
[CudaTags] gray: continuous=1 step=640
[CudaTags] gray stats min=3.000000 max=56.000000
[CudaTags] detected 0 tags
[CudaTags] frame 640x480 channels=3 type=16 stride=1920
[CudaTags] converting BGR->GRAY
[CudaTags] gray: continuous=1 step=640
[CudaTags] gray stats min=3.000000 max=56.000000
[CudaTags] detected 0 tags
[CudaTags] frame 640x480 channels=3 type=16 stride=1920
[CudaTags] converting BGR->GRAY
[CudaTags] gray: continuous=1 step=640
[CudaTags] gray stats min=3.000000 max=55.000000
[CudaTags] detected 0 tags
[CudaTags] frame 640x480 channels=3 type=16 stride=1920
[CudaTags] converting BGR->GRAY
[CudaTags] gray: continuous=1 step=640
[CudaTags] gray stats min=3.000000 max=56.000000
[CudaTags] detected 0 tags
[CudaTags] frame 640x480 channels=3 type=16 stride=1920
[CudaTags] converting BGR->GRAY
[CudaTags] gray: continuous=1 step=640
[CudaTags] gray stats min=3.000000 max=58.000000
[CudaTags] detected 0 tags
[CudaTags] frame 640x480 channels=3 type=16 stride=1920
[CudaTags] converting BGR->GRAY
[CudaTags] gray: continuous=1 step=640
[CudaTags] gray stats min=2.000000 max=57.000000
[CudaTags] detected 0 tags
[CudaTags] frame 640x480 channels=3 type=16 stride=1920
[CudaTags] converting BGR->GRAY
[CudaTags] gray: continuous=1 step=640
[CudaTags] gray stats min=3.000000 max=57.000000
[CudaTags] detected 0 tags
[CudaTags] frame 640x480 channels=3 type=16 stride=1920
[CudaTags] converting BGR->GRAY
[CudaTags] gray: continuous=1 step=640
[CudaTags] gray stats min=3.000000 max=57.000000
[CudaTags] detected 0 tags
[CudaTags] frame 640x480 channels=3 type=16 stride=1920
[CudaTags] converting BGR->GRAY
[CudaTags] gray: continuous=1 step=640
[CudaTags] gray stats min=3.000000 max=56.000000
[CudaTags] detected 0 tags
[CudaTags] frame 640x480 channels=3 type=16 stride=1920
[CudaTags] converting BGR->GRAY
[CudaTags] gray: continuous=1 step=640
[CudaTags] gray stats min=3.000000 max=55.000000
[CudaTags] detected 0 tags
[CudaTags] frame 640x480 channels=3 type=16 stride=1920
[CudaTags] converting BGR->GRAY
[CudaTags] gray: continuous=1 step=640
[CudaTags] gray stats min=3.000000 max=56.000000
[CudaTags] detected 0 tags
[CudaTags] frame 640x480 channels=3 type=16 stride=1920
[CudaTags] converting BGR->GRAY
[CudaTags] gray: continuous=1 step=640
[CudaTags] gray stats min=3.000000 max=56.000000
[CudaTags] detected 0 tags
[CudaTags] frame 640x480 channels=3 type=16 stride=1920
[CudaTags] converting BGR->GRAY
[CudaTags] gray: continuous=1 step=640
[CudaTags] gray stats min=3.000000 max=55.000000
[CudaTags] detected 0 tags
[CudaTags] frame 640x480 channels=3 type=16 stride=1920
[CudaTags] converting BGR->GRAY
[CudaTags] gray: continuous=1 step=640
[CudaTags] gray stats min=3.000000 max=55.000000
[CudaTags] detected 0 tags
[CudaTags] frame 640x480 channels=3 type=16 stride=1920
[CudaTags] converting BGR->GRAY
[CudaTags] gray: continuous=1 step=640
[CudaTags] gray stats min=3.000000 max=55.000000
[CudaTags] detected 0 tags
[CudaTags] frame 640x480 channels=3 type=16 stride=1920
[CudaTags] converting BGR->GRAY
[CudaTags] gray: continuous=1 step=640
[CudaTags] gray stats min=4.000000 max=54.000000
[CudaTags] detected 0 tags
[CudaTags] frame 640x480 channels=3 type=16 stride=1920
[CudaTags] converting BGR->GRAY
[CudaTags] gray: continuous=1 step=640
[CudaTags] gray stats min=3.000000 max=55.000000
[CudaTags] detected 0 tags
[CudaTags] frame 640x480 channels=3 type=16 stride=1920
[CudaTags] converting BGR->GRAY
[CudaTags] gray: continuous=1 step=640
[CudaTags] gray stats min=3.000000 max=55.000000
[CudaTags] detected 0 tags
[CudaTags] frame 640x480 channels=3 type=16 stride=1920
[CudaTags] converting BGR->GRAY
[CudaTags] gray: continuous=1 step=640
[CudaTags] gray stats min=3.000000 max=54.000000
[CudaTags] detected 0 tags
[CudaTags] frame 640x480 channels=3 type=16 stride=1920
[CudaTags] converting BGR->GRAY
[CudaTags] gray: continuous=1 step=640
[CudaTags] gray stats min=3.000000 max=54.000000
[CudaTags] detected 0 tags
[CudaTags] frame 640x480 channels=3 type=16 stride=1920
[CudaTags] converting BGR->GRAY
[CudaTags] gray: continuous=1 step=640
[CudaTags] gray stats min=3.000000 max=53.000000
[CudaTags] detected 0 tags
[CudaTags] frame 640x480 channels=3 type=16 stride=1920
[CudaTags] converting BGR->GRAY
[CudaTags] gray: continuous=1 step=640
[CudaTags] gray stats min=3.000000 max=54.000000
[CudaTags] detected 0 tags
[CudaTags] frame 640x480 channels=3 type=16 stride=1920
[CudaTags] converting BGR->GRAY
[CudaTags] gray: continuous=1 step=640
[CudaTags] gray stats min=3.000000 max=54.000000
[CudaTags] detected 0 tags
[CudaTags] frame 640x480 channels=3 type=16 stride=1920
[CudaTags] converting BGR->GRAY
[CudaTags] gray: continuous=1 step=640
[CudaTags] gray stats min=3.000000 max=54.000000
[CudaTags] detected 0 tags
[CudaTags] frame 640x480 channels=3 type=16 stride=1920
[CudaTags] converting BGR->GRAY
[CudaTags] gray: continuous=1 step=640
[CudaTags] gray stats min=3.000000 max=55.000000
[CudaTags] detected 0 tags
[CudaTags] frame 640x480 channels=3 type=16 stride=1920
[CudaTags] converting BGR->GRAY
[CudaTags] gray: continuous=1 step=640
[CudaTags] gray stats min=3.000000 max=55.000000
[CudaTags] detected 0 tags
[CudaTags] frame 640x480 channels=3 type=16 stride=1920
[CudaTags] converting BGR->GRAY
[CudaTags] gray: continuous=1 step=640
[CudaTags] gray stats min=3.000000 max=55.000000
[CudaTags] detected 0 tags
[CudaTags] frame 640x480 channels=3 type=16 stride=1920
[CudaTags] converting BGR->GRAY
[CudaTags] gray: continuous=1 step=640
[CudaTags] gray stats min=3.000000 max=55.000000
[CudaTags] detected 0 tags
[CudaTags] frame 640x480 channels=3 type=16 stride=1920
[CudaTags] converting BGR->GRAY
[CudaTags] gray: continuous=1 step=640
[CudaTags] gray stats min=3.000000 max=56.000000
[CudaTags] detected 0 tags
[CudaTags] frame 640x480 channels=3 type=16 stride=1920
[CudaTags] converting BGR->GRAY
[CudaTags] gray: continuous=1 step=640
[CudaTags] gray stats min=3.000000 max=54.000000
[CudaTags] detected 0 tags
[CudaTags] frame 640x480 channels=3 type=16 stride=1920
[CudaTags] converting BGR->GRAY
[CudaTags] gray: continuous=1 step=640
[CudaTags] gray stats min=3.000000 max=54.000000
[CudaTags] detected 0 tags
[CudaTags] frame 640x480 channels=3 type=16 stride=1920
[CudaTags] converting BGR->GRAY
[CudaTags] gray: continuous=1 step=640
[CudaTags] gray stats min=3.000000 max=56.000000
[CudaTags] detected 0 tags
[CudaTags] frame 640x480 channels=3 type=16 stride=1920
[CudaTags] converting BGR->GRAY
[CudaTags] gray: continuous=1 step=640
[CudaTags] gray stats min=3.000000 max=56.000000
[CudaTags] detected 0 tags
[CudaTags] frame 640x480 channels=3 type=16 stride=1920
[CudaTags] converting BGR->GRAY
[CudaTags] gray: continuous=1 step=640
[CudaTags] gray stats min=3.000000 max=56.000000
[CudaTags] detected 0 tags
[CudaTags] frame 640x480 channels=3 type=16 stride=1920
[CudaTags] converting BGR->GRAY
[CudaTags] gray: continuous=1 step=640
[CudaTags] gray stats min=3.000000 max=54.000000
[CudaTags] detected 0 tags
[CudaTags] frame 640x480 channels=3 type=16 stride=1920
[CudaTags] converting BGR->GRAY
[CudaTags] gray: continuous=1 step=640
[CudaTags] gray stats min=3.000000 max=54.000000
[CudaTags] detected 0 tags
[CudaTags] frame 640x480 channels=3 type=16 stride=1920
[CudaTags] converting BGR->GRAY
[CudaTags] gray: continuous=1 step=640
[CudaTags] gray stats min=3.000000 max=54.000000
[CudaTags] detected 0 tags
[CudaTags] frame 640x480 channels=3 type=16 stride=1920
[CudaTags] converting BGR->GRAY
[CudaTags] gray: continuous=1 step=640
[CudaTags] gray stats min=3.000000 max=54.000000
[CudaTags] detected 0 tags
[CudaTags] frame 640x480 channels=3 type=16 stride=1920
[CudaTags] converting BGR->GRAY
[CudaTags] gray: continuous=1 step=640
[CudaTags] gray stats min=3.000000 max=55.000000
[CudaTags] detected 0 tags
[CudaTags] frame 640x480 channels=3 type=16 stride=1920
[CudaTags] converting BGR->GRAY
[CudaTags] gray: continuous=1 step=640
[CudaTags] gray stats min=3.000000 max=56.000000
[CudaTags] detected 0 tags
[CudaTags] frame 640x480 channels=3 type=16 stride=1920
[CudaTags] converting BGR->GRAY
[CudaTags] gray: continuous=1 step=640
[CudaTags] gray stats min=3.000000 max=46.000000
[CudaTags] detected 0 tags
[CudaTags] frame 640x480 channels=3 type=16 stride=1920
[CudaTags] converting BGR->GRAY
[CudaTags] gray: continuous=1 step=640
[CudaTags] gray stats min=1.000000 max=30.000000
[CudaTags] detected 0 tags
[CudaTags] frame 640x480 channels=3 type=16 stride=1920
[CudaTags] converting BGR->GRAY
[CudaTags] gray: continuous=1 step=640
[CudaTags] gray stats min=2.000000 max=26.000000
[CudaTags] detected 0 tags
[CudaTags] frame 640x480 channels=3 type=16 stride=1920
[CudaTags] converting BGR->GRAY
[CudaTags] gray: continuous=1 step=640
[CudaTags] gray stats min=3.000000 max=23.000000
[CudaTags] detected 0 tags
[CudaTags] frame 640x480 channels=3 type=16 stride=1920
[CudaTags] converting BGR->GRAY
[CudaTags] gray: continuous=1 step=640
[CudaTags] gray stats min=3.000000 max=21.000000
[CudaTags] detected 0 tags
[CudaTags] frame 640x480 channels=3 type=16 stride=1920
[CudaTags] converting BGR->GRAY
[CudaTags] gray: continuous=1 step=640
[CudaTags] gray stats min=1.000000 max=22.000000
[CudaTags] detected 0 tags
[CudaTags] frame 640x480 channels=3 type=16 stride=1920
[CudaTags] converting BGR->GRAY
[CudaTags] gray: continuous=1 step=640
[CudaTags] gray stats min=2.000000 max=21.000000
[CudaTags] detected 0 tags
[CudaTags] frame 640x480 channels=3 type=16 stride=1920
[CudaTags] converting BGR->GRAY
[CudaTags] gray: continuous=1 step=640
[CudaTags] gray stats min=2.000000 max=21.000000
[CudaTags] detected 0 tags
[CudaTags] frame 640x480 channels=3 type=16 stride=1920
[CudaTags] converting BGR->GRAY
[CudaTags] gray: continuous=1 step=640
[CudaTags] gray stats min=2.000000 max=22.000000
[CudaTags] detected 0 tags
[CudaTags] frame 640x480 channels=3 type=16 stride=1920
[CudaTags] converting BGR->GRAY
[CudaTags] gray: continuous=1 step=640
[CudaTags] gray stats min=2.000000 max=22.000000
[CudaTags] detected 0 tags
[CudaTags] frame 640x480 channels=3 type=16 stride=1920
[CudaTags] converting BGR->GRAY
[CudaTags] gray: continuous=1 step=640
[CudaTags] gray stats min=2.000000 max=21.000000
[CudaTags] detected 0 tags
[CudaTags] frame 640x480 channels=3 type=16 stride=1920
[CudaTags] converting BGR->GRAY
[CudaTags] gray: continuous=1 step=640
[CudaTags] gray stats min=2.000000 max=22.000000
[CudaTags] detected 0 tags
[CudaTags] frame 640x480 channels=3 type=16 stride=1920
[CudaTags] converting BGR->GRAY
[CudaTags] gray: continuous=1 step=640
[CudaTags] gray stats min=2.000000 max=22.000000
[CudaTags] detected 0 tags
[CudaTags] frame 640x480 channels=3 type=16 stride=1920
[CudaTags] converting BGR->GRAY
[CudaTags] gray: continuous=1 step=640
[CudaTags] gray stats min=2.000000 max=22.000000
[CudaTags] detected 0 tags
[CudaTags] frame 640x480 channels=3 type=16 stride=1920
[CudaTags] converting BGR->GRAY
[CudaTags] gray: continuous=1 step=640
[CudaTags] gray stats min=2.000000 max=22.000000
[CudaTags] detected 0 tags
[CudaTags] frame 640x480 channels=3 type=16 stride=1920
[CudaTags] converting BGR->GRAY
[CudaTags] gray: continuous=1 step=640
[CudaTags] gray stats min=2.000000 max=22.000000
[CudaTags] detected 0 tags
[CudaTags] frame 640x480 channels=3 type=16 stride=1920
[CudaTags] converting BGR->GRAY
[CudaTags] gray: continuous=1 step=640
[CudaTags] gray stats min=2.000000 max=24.000000
[CudaTags] detected 0 tags
[CudaTags] frame 640x480 channels=3 type=16 stride=1920
[CudaTags] converting BGR->GRAY
[CudaTags] gray: continuous=1 step=640
[CudaTags] gray stats min=2.000000 max=23.000000
[CudaTags] detected 0 tags
[CudaTags] frame 640x480 channels=3 type=16 stride=1920
[CudaTags] converting BGR->GRAY
[CudaTags] gray: continuous=1 step=640
[CudaTags] gray stats min=1.000000 max=23.000000
[CudaTags] detected 0 tags
[CudaTags] frame 640x480 channels=3 type=16 stride=1920
[CudaTags] converting BGR->GRAY
[CudaTags] gray: continuous=1 step=640
[CudaTags] gray stats min=1.000000 max=30.000000
[CudaTags] detected 0 tags
[CudaTags] frame 640x480 channels=3 type=16 stride=1920
[CudaTags] converting BGR->GRAY
[CudaTags] gray: continuous=1 step=640
[CudaTags] gray stats min=0.000000 max=36.000000
[CudaTags] detected 0 tags
[CudaTags] frame 640x480 channels=3 type=16 stride=1920
[CudaTags] converting BGR->GRAY
[CudaTags] gray: continuous=1 step=640
[CudaTags] gray stats min=0.000000 max=43.000000
[CudaTags] detected 0 tags
[CudaTags] frame 640x480 channels=3 type=16 stride=1920
[CudaTags] converting BGR->GRAY
[CudaTags] gray: continuous=1 step=640
[CudaTags] gray stats min=0.000000 max=247.000000
[CudaTags] detected 0 tags
[CudaTags] frame 640x480 channels=3 type=16 stride=1920
[CudaTags] converting BGR->GRAY
[CudaTags] gray: continuous=1 step=640
[CudaTags] gray stats min=3.000000 max=249.000000
[CudaTags] detected 0 tags
[CudaTags] frame 640x480 channels=3 type=16 stride=1920
[CudaTags] converting BGR->GRAY
[CudaTags] gray: continuous=1 step=640
[CudaTags] gray stats min=15.000000 max=251.000000
[CudaTags] detected 0 tags
[CudaTags] frame 640x480 channels=3 type=16 stride=1920
[CudaTags] converting BGR->GRAY
[CudaTags] gray: continuous=1 step=640
[CudaTags] gray stats min=31.000000 max=250.000000
[CudaTags] detected 0 tags
[CudaTags] frame 640x480 channels=3 type=16 stride=1920
[CudaTags] converting BGR->GRAY
[CudaTags] gray: continuous=1 step=640
[CudaTags] gray stats min=34.000000 max=249.000000
[CudaTags] detected 0 tags
[CudaTags] frame 640x480 channels=3 type=16 stride=1920
[CudaTags] converting BGR->GRAY
[CudaTags] gray: continuous=1 step=640
[CudaTags] gray stats min=41.000000 max=248.000000
[CudaTags] detected 0 tags
[CudaTags] frame 640x480 channels=3 type=16 stride=1920
[CudaTags] converting BGR->GRAY
[CudaTags] gray: continuous=1 step=640
[CudaTags] gray stats min=31.000000 max=250.000000
[CudaTags] detected 0 tags
[CudaTags] frame 640x480 channels=3 type=16 stride=1920
[CudaTags] converting BGR->GRAY
[CudaTags] gray: continuous=1 step=640
[CudaTags] gray stats min=29.000000 max=250.000000
[CudaTags] detected 0 tags
[CudaTags] frame 640x480 channels=3 type=16 stride=1920
[CudaTags] converting BGR->GRAY
[CudaTags] gray: continuous=1 step=640
[CudaTags] gray stats min=27.000000 max=250.000000
[CudaTags] detected 0 tags
[CudaTags] frame 640x480 channels=3 type=16 stride=1920
[CudaTags] converting BGR->GRAY
[CudaTags] gray: continuous=1 step=640
[CudaTags] gray stats min=30.000000 max=248.000000
[CudaTags] detected 0 tags
[CudaTags] frame 640x480 channels=3 type=16 stride=1920
[CudaTags] converting BGR->GRAY
[CudaTags] gray: continuous=1 step=640
[CudaTags] gray stats min=18.000000 max=248.000000
[CudaTags] detected 0 tags
[CudaTags] frame 640x480 channels=3 type=16 stride=1920
[CudaTags] converting BGR->GRAY
[CudaTags] gray: continuous=1 step=640
[CudaTags] gray stats min=22.000000 max=191.000000
[CudaTags] detected 0 tags
[CudaTags] frame 640x480 channels=3 type=16 stride=1920
[CudaTags] converting BGR->GRAY
[CudaTags] gray: continuous=1 step=640
[CudaTags] gray stats min=36.000000 max=194.000000
[CudaTags] detected 0 tags
[CudaTags] frame 640x480 channels=3 type=16 stride=1920
[CudaTags] converting BGR->GRAY
[CudaTags] gray: continuous=1 step=640
[CudaTags] gray stats min=36.000000 max=200.000000
[CudaTags] detected 0 tags
[CudaTags] frame 640x480 channels=3 type=16 stride=1920
[CudaTags] converting BGR->GRAY
[CudaTags] gray: continuous=1 step=640
[CudaTags] gray stats min=29.000000 max=214.000000
[CudaTags] detected 0 tags
[CudaTags] frame 640x480 channels=3 type=16 stride=1920
[CudaTags] converting BGR->GRAY
[CudaTags] gray: continuous=1 step=640
[CudaTags] gray stats min=24.000000 max=237.000000
[CudaTags] detected 0 tags
[CudaTags] frame 640x480 channels=3 type=16 stride=1920
[CudaTags] converting BGR->GRAY
[CudaTags] gray: continuous=1 step=640
[CudaTags] gray stats min=22.000000 max=247.000000
[CudaTags] detected 0 tags
[CudaTags] frame 640x480 channels=3 type=16 stride=1920
[CudaTags] converting BGR->GRAY
[CudaTags] gray: continuous=1 step=640
[CudaTags] gray stats min=16.000000 max=247.000000
[CudaTags] detected 0 tags
[CudaTags] frame 640x480 channels=3 type=16 stride=1920
[CudaTags] converting BGR->GRAY
[CudaTags] gray: continuous=1 step=640
[CudaTags] gray stats min=32.000000 max=242.000000
[CudaTags] detected 0 tags
[CudaTags] frame 640x480 channels=3 type=16 stride=1920
[CudaTags] converting BGR->GRAY
[CudaTags] gray: continuous=1 step=640
[CudaTags] gray stats min=38.000000 max=246.000000
[CudaTags] detected 0 tags
[CudaTags] frame 640x480 channels=3 type=16 stride=1920
[CudaTags] converting BGR->GRAY
[CudaTags] gray: continuous=1 step=640
[CudaTags] gray stats min=42.000000 max=250.000000
[CudaTags] detected 0 tags
[CudaTags] frame 640x480 channels=3 type=16 stride=1920
[CudaTags] converting BGR->GRAY
[CudaTags] gray: continuous=1 step=640
[CudaTags] gray stats min=39.000000 max=251.000000
[CudaTags] detected 0 tags
[CudaTags] frame 640x480 channels=3 type=16 stride=1920
[CudaTags] converting BGR->GRAY
[CudaTags] gray: continuous=1 step=640
[CudaTags] gray stats min=43.000000 max=234.000000
[CudaTags] detected 0 tags
[CudaTags] frame 640x480 channels=3 type=16 stride=1920
[CudaTags] converting BGR->GRAY
[CudaTags] gray: continuous=1 step=640
[CudaTags] gray stats min=38.000000 max=227.000000
[CudaTags] detected 0 tags
[CudaTags] frame 640x480 channels=3 type=16 stride=1920
[CudaTags] converting BGR->GRAY
[CudaTags] gray: continuous=1 step=640
[CudaTags] gray stats min=33.000000 max=190.000000
[CudaTags] detected 0 tags
[CudaTags] frame 640x480 channels=3 type=16 stride=1920
[CudaTags] converting BGR->GRAY
[CudaTags] gray: continuous=1 step=640
[CudaTags] gray stats min=36.000000 max=206.000000
[CudaTags] detected 0 tags
[CudaTags] frame 640x480 channels=3 type=16 stride=1920
[CudaTags] converting BGR->GRAY
[CudaTags] gray: continuous=1 step=640
[CudaTags] gray stats min=37.000000 max=213.000000
[CudaTags] detected 0 tags
[CudaTags] frame 640x480 channels=3 type=16 stride=1920
[CudaTags] converting BGR->GRAY
[CudaTags] gray: continuous=1 step=640
[CudaTags] gray stats min=44.000000 max=251.000000
[CudaTags] detected 0 tags
[CudaTags] frame 640x480 channels=3 type=16 stride=1920
[CudaTags] converting BGR->GRAY
[CudaTags] gray: continuous=1 step=640
[CudaTags] gray stats min=38.000000 max=237.000000
[CudaTags] detected 0 tags
[CudaTags] frame 640x480 channels=3 type=16 stride=1920
[CudaTags] converting BGR->GRAY
[CudaTags] gray: continuous=1 step=640
[CudaTags] gray stats min=38.000000 max=253.000000
[CudaTags] detected 0 tags
[CudaTags] frame 640x480 channels=3 type=16 stride=1920
[CudaTags] converting BGR->GRAY
[CudaTags] gray: continuous=1 step=640
[CudaTags] gray stats min=42.000000 max=238.000000
[CudaTags] detected 0 tags
[CudaTags] frame 640x480 channels=3 type=16 stride=1920
[CudaTags] converting BGR->GRAY
[CudaTags] gray: continuous=1 step=640
[CudaTags] gray stats min=44.000000 max=248.000000
[CudaTags] detected 0 tags
[CudaTags] frame 640x480 channels=3 type=16 stride=1920
[CudaTags] converting BGR->GRAY
[CudaTags] gray: continuous=1 step=640
[CudaTags] gray stats min=46.000000 max=253.000000
[CudaTags] detected 0 tags
[CudaTags] frame 640x480 channels=3 type=16 stride=1920
[CudaTags] converting BGR->GRAY
[CudaTags] gray: continuous=1 step=640
[CudaTags] gray stats min=55.000000 max=234.000000
[CudaTags] detected 0 tags
[CudaTags] frame 640x480 channels=3 type=16 stride=1920
[CudaTags] converting BGR->GRAY
[CudaTags] gray: continuous=1 step=640
[CudaTags] gray stats min=59.000000 max=232.000000
[CudaTags] detected 0 tags
[CudaTags] frame 640x480 channels=3 type=16 stride=1920
[CudaTags] converting BGR->GRAY
[CudaTags] gray: continuous=1 step=640
[CudaTags] gray stats min=61.000000 max=236.000000
[CudaTags] detected 0 tags
[CudaTags] frame 640x480 channels=3 type=16 stride=1920
[CudaTags] converting BGR->GRAY
[CudaTags] gray: continuous=1 step=640
[CudaTags] gray stats min=67.000000 max=248.000000
[CudaTags] detected 0 tags
[CudaTags] frame 640x480 channels=3 type=16 stride=1920
[CudaTags] converting BGR->GRAY
[CudaTags] gray: continuous=1 step=640
[CudaTags] gray stats min=70.000000 max=249.000000
[CudaTags] detected 0 tags
[CudaTags] frame 640x480 channels=3 type=16 stride=1920
[CudaTags] converting BGR->GRAY
[CudaTags] gray: continuous=1 step=640
[CudaTags] gray stats min=73.000000 max=248.000000
[CudaTags] detected 0 tags
[CudaTags] frame 640x480 channels=3 type=16 stride=1920
[CudaTags] converting BGR->GRAY
[CudaTags] gray: continuous=1 step=640
[CudaTags] gray stats min=74.000000 max=248.000000
[CudaTags] detected 0 tags
[CudaTags] frame 640x480 channels=3 type=16 stride=1920
[CudaTags] converting BGR->GRAY
[CudaTags] gray: continuous=1 step=640
[CudaTags] gray stats min=78.000000 max=247.000000
[CudaTags] detected 0 tags
[CudaTags] frame 640x480 channels=3 type=16 stride=1920
[CudaTags] converting BGR->GRAY
[CudaTags] gray: continuous=1 step=640
[CudaTags] gray stats min=80.000000 max=249.000000
[CudaTags] detected 0 tags
[CudaTags] frame 640x480 channels=3 type=16 stride=1920
[CudaTags] converting BGR->GRAY
[CudaTags] gray: continuous=1 step=640
[CudaTags] gray stats min=80.000000 max=248.000000
[CudaTags] detected 0 tags
[CudaTags] frame 640x480 channels=3 type=16 stride=1920
[CudaTags] converting BGR->GRAY
[CudaTags] gray: continuous=1 step=640
[CudaTags] gray stats min=80.000000 max=249.000000
[CudaTags] detected 0 tags
[CudaTags] frame 640x480 channels=3 type=16 stride=1920
[CudaTags] converting BGR->GRAY
[CudaTags] gray: continuous=1 step=640
[CudaTags] gray stats min=79.000000 max=247.000000
[CudaTags] detected 0 tags
[CudaTags] frame 640x480 channels=3 type=16 stride=1920
[CudaTags] converting BGR->GRAY
[CudaTags] gray: continuous=1 step=640
[CudaTags] gray stats min=77.000000 max=248.000000
[CudaTags] detected 0 tags
[CudaTags] frame 640x480 channels=3 type=16 stride=1920
[CudaTags] converting BGR->GRAY
[CudaTags] gray: continuous=1 step=640
[CudaTags] gray stats min=85.000000 max=249.000000
[CudaTags] detected 0 tags
[CudaTags] frame 640x480 channels=3 type=16 stride=1920
[CudaTags] converting BGR->GRAY
[CudaTags] gray: continuous=1 step=640
[CudaTags] gray stats min=67.000000 max=251.000000
[CudaTags] detected 0 tags
[CudaTags] frame 640x480 channels=3 type=16 stride=1920
[CudaTags] converting BGR->GRAY
[CudaTags] gray: continuous=1 step=640
[CudaTags] gray stats min=56.000000 max=253.000000
[CudaTags] detected 0 tags
[CudaTags] frame 640x480 channels=3 type=16 stride=1920
[CudaTags] converting BGR->GRAY
[CudaTags] gray: continuous=1 step=640
[CudaTags] gray stats min=42.000000 max=254.000000
[CudaTags] detected 1 tags
[CudaTags] frame 640x480 channels=3 type=16 stride=1920
[CudaTags] converting BGR->GRAY
[CudaTags] gray: continuous=1 step=640
[CudaTags] gray stats min=37.000000 max=254.000000
[CudaTags] detected 1 tags
[CudaTags] frame 640x480 channels=3 type=16 stride=1920
[CudaTags] converting BGR->GRAY
[CudaTags] gray: continuous=1 step=640
[CudaTags] gray stats min=24.000000 max=254.000000
[CudaTags] detected 0 tags
[CudaTags] frame 640x480 channels=3 type=16 stride=1920
[CudaTags] converting BGR->GRAY
[CudaTags] gray: continuous=1 step=640
[CudaTags] gray stats min=26.000000 max=254.000000
[CudaTags] detected 0 tags
[CudaTags] frame 640x480 channels=3 type=16 stride=1920
[CudaTags] converting BGR->GRAY
[CudaTags] gray: continuous=1 step=640
[CudaTags] gray stats min=13.000000 max=254.000000
[CudaTags] detected 0 tags
[CudaTags] frame 640x480 channels=3 type=16 stride=1920
[CudaTags] converting BGR->GRAY
[CudaTags] gray: continuous=1 step=640
[CudaTags] gray stats min=14.000000 max=254.000000
[CudaTags] detected 1 tags
[CudaTags] frame 640x480 channels=3 type=16 stride=1920
[CudaTags] converting BGR->GRAY
[CudaTags] gray: continuous=1 step=640
[CudaTags] gray stats min=7.000000 max=254.000000
[CudaTags] detected 1 tags
[CudaTags] frame 640x480 channels=3 type=16 stride=1920
[CudaTags] converting BGR->GRAY
[CudaTags] gray: continuous=1 step=640
[CudaTags] gray stats min=7.000000 max=254.000000
[CudaTags] detected 1 tags
[CudaTags] frame 640x480 channels=3 type=16 stride=1920
[CudaTags] converting BGR->GRAY
[CudaTags] gray: continuous=1 step=640
[CudaTags] gray stats min=0.000000 max=253.000000
[CudaTags] detected 1 tags
[CudaTags] frame 640x480 channels=3 type=16 stride=1920
[CudaTags] converting BGR->GRAY
[CudaTags] gray: continuous=1 step=640
[CudaTags] gray stats min=1.000000 max=252.000000
[CudaTags] detected 1 tags
[CudaTags] frame 640x480 channels=3 type=16 stride=1920
[CudaTags] converting BGR->GRAY
[CudaTags] gray: continuous=1 step=640
[CudaTags] gray stats min=0.000000 max=212.000000
[CudaTags] detected 1 tags
[CudaTags] frame 640x480 channels=3 type=16 stride=1920
[CudaTags] converting BGR->GRAY
[CudaTags] gray: continuous=1 step=640
[CudaTags] gray stats min=0.000000 max=212.000000
[CudaTags] detected 1 tags
[CudaTags] frame 640x480 channels=3 type=16 stride=1920
[CudaTags] converting BGR->GRAY
[CudaTags] gray: continuous=1 step=640
[CudaTags] gray stats min=0.000000 max=206.000000
[CudaTags] detected 1 tags
[CudaTags] frame 640x480 channels=3 type=16 stride=1920
[CudaTags] converting BGR->GRAY
[CudaTags] gray: continuous=1 step=640
[CudaTags] gray stats min=0.000000 max=208.000000
[CudaTags] detected 1 tags
[CudaTags] frame 640x480 channels=3 type=16 stride=1920
[CudaTags] converting BGR->GRAY
[CudaTags] gray: continuous=1 step=640
[CudaTags] gray stats min=0.000000 max=209.000000
[CudaTags] detected 1 tags
[CudaTags] frame 640x480 channels=3 type=16 stride=1920
[CudaTags] converting BGR->GRAY
[CudaTags] gray: continuous=1 step=640
[CudaTags] gray stats min=0.000000 max=206.000000
[CudaTags] detected 1 tags
[CudaTags] frame 640x480 channels=3 type=16 stride=1920
[CudaTags] converting BGR->GRAY
[CudaTags] gray: continuous=1 step=640
[CudaTags] gray stats min=0.000000 max=211.000000
[CudaTags] detected 1 tags
[CudaTags] frame 640x480 channels=3 type=16 stride=1920
[CudaTags] converting BGR->GRAY
[CudaTags] gray: continuous=1 step=640
[CudaTags] gray stats min=0.000000 max=213.000000
[CudaTags] detected 1 tags
[CudaTags] frame 640x480 channels=3 type=16 stride=1920
[CudaTags] converting BGR->GRAY
[CudaTags] gray: continuous=1 step=640
[CudaTags] gray stats min=0.000000 max=211.000000
[CudaTags] detected 1 tags
[CudaTags] frame 640x480 channels=3 type=16 stride=1920
[CudaTags] converting BGR->GRAY
[CudaTags] gray: continuous=1 step=640
[CudaTags] gray stats min=0.000000 max=208.000000
[CudaTags] detected 1 tags
[CudaTags] frame 640x480 channels=3 type=16 stride=1920
[CudaTags] converting BGR->GRAY
[CudaTags] gray: continuous=1 step=640
[CudaTags] gray stats min=0.000000 max=209.000000
[CudaTags] detected 1 tags
[CudaTags] frame 640x480 channels=3 type=16 stride=1920
[CudaTags] converting BGR->GRAY
[CudaTags] gray: continuous=1 step=640
[CudaTags] gray stats min=0.000000 max=212.000000
[CudaTags] detected 1 tags
[CudaTags] frame 640x480 channels=3 type=16 stride=1920
[CudaTags] converting BGR->GRAY
[CudaTags] gray: continuous=1 step=640
[CudaTags] gray stats min=0.000000 max=207.000000
[CudaTags] detected 1 tags
[CudaTags] frame 640x480 channels=3 type=16 stride=1920
[CudaTags] converting BGR->GRAY
[CudaTags] gray: continuous=1 step=640
[CudaTags] gray stats min=0.000000 max=212.000000
[CudaTags] detected 1 tags
[CudaTags] frame 640x480 channels=3 type=16 stride=1920
[CudaTags] converting BGR->GRAY
[CudaTags] gray: continuous=1 step=640
[CudaTags] gray stats min=0.000000 max=211.000000
[CudaTags] detected 1 tags
[CudaTags] frame 640x480 channels=3 type=16 stride=1920
[CudaTags] converting BGR->GRAY
[CudaTags] gray: continuous=1 step=640
[CudaTags] gray stats min=0.000000 max=209.000000
[CudaTags] detected 1 tags
[CudaTags] frame 640x480 channels=3 type=16 stride=1920
[CudaTags] converting BGR->GRAY
[CudaTags] gray: continuous=1 step=640
[CudaTags] gray stats min=0.000000 max=208.000000
[CudaTags] detected 1 tags
[CudaTags] frame 640x480 channels=3 type=16 stride=1920
[CudaTags] converting BGR->GRAY
[CudaTags] gray: continuous=1 step=640
[CudaTags] gray stats min=0.000000 max=207.000000
[CudaTags] detected 1 tags
[CudaTags] frame 640x480 channels=3 type=16 stride=1920
[CudaTags] converting BGR->GRAY
[CudaTags] gray: continuous=1 step=640
[CudaTags] gray stats min=0.000000 max=211.000000
[CudaTags] detected 1 tags
[CudaTags] frame 640x480 channels=3 type=16 stride=1920
[CudaTags] converting BGR->GRAY
[CudaTags] gray: continuous=1 step=640
[CudaTags] gray stats min=0.000000 max=209.000000
[CudaTags] detected 1 tags
[CudaTags] frame 640x480 channels=3 type=16 stride=1920
[CudaTags] converting BGR->GRAY
[CudaTags] gray: continuous=1 step=640
[CudaTags] gray stats min=0.000000 max=212.000000
[CudaTags] detected 1 tags
[CudaTags] frame 640x480 channels=3 type=16 stride=1920
[CudaTags] converting BGR->GRAY
[CudaTags] gray: continuous=1 step=640
[CudaTags] gray stats min=0.000000 max=208.000000
[CudaTags] detected 1 tags
[CudaTags] frame 640x480 channels=3 type=16 stride=1920
[CudaTags] converting BGR->GRAY
[CudaTags] gray: continuous=1 step=640
[CudaTags] gray stats min=0.000000 max=212.000000
[CudaTags] detected 1 tags
[CudaTags] frame 640x480 channels=3 type=16 stride=1920
[CudaTags] converting BGR->GRAY
[CudaTags] gray: continuous=1 step=640
[CudaTags] gray stats min=0.000000 max=213.000000
[CudaTags] detected 1 tags
[CudaTags] frame 640x480 channels=3 type=16 stride=1920
[CudaTags] converting BGR->GRAY
[CudaTags] gray: continuous=1 step=640
[CudaTags] gray stats min=0.000000 max=212.000000
[CudaTags] detected 1 tags
[CudaTags] frame 640x480 channels=3 type=16 stride=1920
[CudaTags] converting BGR->GRAY
[CudaTags] gray: continuous=1 step=640
[CudaTags] gray stats min=0.000000 max=216.000000
[CudaTags] detected 1 tags
[CudaTags] frame 640x480 channels=3 type=16 stride=1920
[CudaTags] converting BGR->GRAY
[CudaTags] gray: continuous=1 step=640
[CudaTags] gray stats min=0.000000 max=219.000000
[CudaTags] detected 1 tags
[CudaTags] frame 640x480 channels=3 type=16 stride=1920
[CudaTags] converting BGR->GRAY
[CudaTags] gray: continuous=1 step=640
[CudaTags] gray stats min=0.000000 max=221.000000
[CudaTags] detected 1 tags
[CudaTags] frame 640x480 channels=3 type=16 stride=1920
[CudaTags] converting BGR->GRAY
[CudaTags] gray: continuous=1 step=640
[CudaTags] gray stats min=0.000000 max=223.000000
[CudaTags] detected 1 tags
[CudaTags] frame 640x480 channels=3 type=16 stride=1920
[CudaTags] converting BGR->GRAY
[CudaTags] gray: continuous=1 step=640
[CudaTags] gray stats min=0.000000 max=222.000000
[CudaTags] detected 1 tags
[CudaTags] frame 640x480 channels=3 type=16 stride=1920
[CudaTags] converting BGR->GRAY
[CudaTags] gray: continuous=1 step=640
[CudaTags] gray stats min=0.000000 max=227.000000
[CudaTags] detected 1 tags
[CudaTags] frame 640x480 channels=3 type=16 stride=1920
[CudaTags] converting BGR->GRAY
[CudaTags] gray: continuous=1 step=640
[CudaTags] gray stats min=0.000000 max=228.000000
[CudaTags] detected 1 tags
[CudaTags] frame 640x480 channels=3 type=16 stride=1920
[CudaTags] converting BGR->GRAY
[CudaTags] gray: continuous=1 step=640
[CudaTags] gray stats min=0.000000 max=231.000000
[CudaTags] detected 1 tags
[CudaTags] frame 640x480 channels=3 type=16 stride=1920
[CudaTags] converting BGR->GRAY
[CudaTags] gray: continuous=1 step=640
[CudaTags] gray stats min=0.000000 max=224.000000
[CudaTags] detected 1 tags
[CudaTags] frame 640x480 channels=3 type=16 stride=1920
[CudaTags] converting BGR->GRAY
[CudaTags] gray: continuous=1 step=640
[CudaTags] gray stats min=0.000000 max=225.000000
[CudaTags] detected 1 tags
[CudaTags] frame 640x480 channels=3 type=16 stride=1920
[CudaTags] converting BGR->GRAY
[CudaTags] gray: continuous=1 step=640
[CudaTags] gray stats min=0.000000 max=223.000000
[CudaTags] detected 1 tags
[CudaTags] frame 640x480 channels=3 type=16 stride=1920
[CudaTags] converting BGR->GRAY
[CudaTags] gray: continuous=1 step=640
[CudaTags] gray stats min=0.000000 max=234.000000
[CudaTags] detected 1 tags
[CudaTags] frame 640x480 channels=3 type=16 stride=1920
[CudaTags] converting BGR->GRAY
[CudaTags] gray: continuous=1 step=640
[CudaTags] gray stats min=0.000000 max=222.000000
[CudaTags] detected 1 tags
[CudaTags] frame 640x480 channels=3 type=16 stride=1920
[CudaTags] converting BGR->GRAY
[CudaTags] gray: continuous=1 step=640
[CudaTags] gray stats min=0.000000 max=232.000000
[CudaTags] detected 1 tags
[CudaTags] frame 640x480 channels=3 type=16 stride=1920
[CudaTags] converting BGR->GRAY
[CudaTags] gray: continuous=1 step=640
[CudaTags] gray stats min=0.000000 max=226.000000
[CudaTags] detected 1 tags
[CudaTags] frame 640x480 channels=3 type=16 stride=1920
[CudaTags] converting BGR->GRAY
[CudaTags] gray: continuous=1 step=640
[CudaTags] gray stats min=0.000000 max=254.000000
[CudaTags] detected 1 tags
[CudaTags] frame 640x480 channels=3 type=16 stride=1920
[CudaTags] converting BGR->GRAY
[CudaTags] gray: continuous=1 step=640
[CudaTags] gray stats min=0.000000 max=253.000000
[CudaTags] detected 1 tags
[CudaTags] frame 640x480 channels=3 type=16 stride=1920
[CudaTags] converting BGR->GRAY
[CudaTags] gray: continuous=1 step=640
[CudaTags] gray stats min=0.000000 max=253.000000
[CudaTags] detected 1 tags
[CudaTags] frame 640x480 channels=3 type=16 stride=1920
[CudaTags] converting BGR->GRAY
[CudaTags] gray: continuous=1 step=640
[CudaTags] gray stats min=0.000000 max=253.000000
[CudaTags] detected 1 tags
[CudaTags] frame 640x480 channels=3 type=16 stride=1920
[CudaTags] converting BGR->GRAY
[CudaTags] gray: continuous=1 step=640
[CudaTags] gray stats min=0.000000 max=253.000000
[CudaTags] detected 1 tags
[CudaTags] frame 640x480 channels=3 type=16 stride=1920
[CudaTags] converting BGR->GRAY
[CudaTags] gray: continuous=1 step=640
[CudaTags] gray stats min=0.000000 max=253.000000
[CudaTags] detected 1 tags
[CudaTags] frame 640x480 channels=3 type=16 stride=1920
[CudaTags] converting BGR->GRAY
[CudaTags] gray: continuous=1 step=640
[CudaTags] gray stats min=0.000000 max=223.000000
[CudaTags] detected 1 tags
[CudaTags] frame 640x480 channels=3 type=16 stride=1920
[CudaTags] converting BGR->GRAY
[CudaTags] gray: continuous=1 step=640
[CudaTags] gray stats min=0.000000 max=220.000000
[CudaTags] detected 1 tags
[CudaTags] frame 640x480 channels=3 type=16 stride=1920
[CudaTags] converting BGR->GRAY
[CudaTags] gray: continuous=1 step=640
[CudaTags] gray stats min=0.000000 max=218.000000
[CudaTags] detected 1 tags
[CudaTags] frame 640x480 channels=3 type=16 stride=1920
[CudaTags] converting BGR->GRAY
[CudaTags] gray: continuous=1 step=640
[CudaTags] gray stats min=0.000000 max=219.000000
[CudaTags] detected 1 tags
[CudaTags] frame 640x480 channels=3 type=16 stride=1920
[CudaTags] converting BGR->GRAY
[CudaTags] gray: continuous=1 step=640
[CudaTags] gray stats min=0.000000 max=219.000000
[CudaTags] detected 1 tags
[CudaTags] frame 640x480 channels=3 type=16 stride=1920
[CudaTags] converting BGR->GRAY
[CudaTags] gray: continuous=1 step=640
[CudaTags] gray stats min=0.000000 max=220.000000
[CudaTags] detected 1 tags
[CudaTags] frame 640x480 channels=3 type=16 stride=1920
[CudaTags] converting BGR->GRAY
[CudaTags] gray: continuous=1 step=640
[CudaTags] gray stats min=0.000000 max=217.000000
[CudaTags] detected 1 tags
[CudaTags] frame 640x480 channels=3 type=16 stride=1920
[CudaTags] converting BGR->GRAY
[CudaTags] gray: continuous=1 step=640
[CudaTags] gray stats min=0.000000 max=218.000000
[CudaTags] detected 1 tags
[CudaTags] frame 640x480 channels=3 type=16 stride=1920
[CudaTags] converting BGR->GRAY
[CudaTags] gray: continuous=1 step=640
[CudaTags] gray stats min=0.000000 max=217.000000
[CudaTags] detected 1 tags
[CudaTags] frame 640x480 channels=3 type=16 stride=1920
[CudaTags] converting BGR->GRAY
[CudaTags] gray: continuous=1 step=640
[CudaTags] gray stats min=0.000000 max=219.000000
[CudaTags] detected 1 tags
[CudaTags] frame 640x480 channels=3 type=16 stride=1920
[CudaTags] converting BGR->GRAY
[CudaTags] gray: continuous=1 step=640
[CudaTags] gray stats min=0.000000 max=214.000000
[CudaTags] detected 1 tags
[CudaTags] frame 640x480 channels=3 type=16 stride=1920
[CudaTags] converting BGR->GRAY
[CudaTags] gray: continuous=1 step=640
[CudaTags] gray stats min=0.000000 max=215.000000
[CudaTags] detected 1 tags
[CudaTags] frame 640x480 channels=3 type=16 stride=1920
[CudaTags] converting BGR->GRAY
[CudaTags] gray: continuous=1 step=640
[CudaTags] gray stats min=0.000000 max=215.000000
[CudaTags] detected 1 tags
[CudaTags] frame 640x480 channels=3 type=16 stride=1920
[CudaTags] converting BGR->GRAY
[CudaTags] gray: continuous=1 step=640
[CudaTags] gray stats min=0.000000 max=217.000000
[CudaTags] detected 1 tags
[CudaTags] frame 640x480 channels=3 type=16 stride=1920
[CudaTags] converting BGR->GRAY
[CudaTags] gray: continuous=1 step=640
[CudaTags] gray stats min=0.000000 max=220.000000
[CudaTags] detected 1 tags
[CudaTags] frame 640x480 channels=3 type=16 stride=1920
[CudaTags] converting BGR->GRAY
[CudaTags] gray: continuous=1 step=640
[CudaTags] gray stats min=0.000000 max=216.000000
[CudaTags] detected 1 tags
[CudaTags] frame 640x480 channels=3 type=16 stride=1920
[CudaTags] converting BGR->GRAY
[CudaTags] gray: continuous=1 step=640
[CudaTags] gray stats min=0.000000 max=214.000000
[CudaTags] detected 1 tags
[CudaTags] frame 640x480 channels=3 type=16 stride=1920
[CudaTags] converting BGR->GRAY
[CudaTags] gray: continuous=1 step=640
[CudaTags] gray stats min=0.000000 max=222.000000
[CudaTags] detected 1 tags
[CudaTags] frame 640x480 channels=3 type=16 stride=1920
[CudaTags] converting BGR->GRAY
[CudaTags] gray: continuous=1 step=640
[CudaTags] gray stats min=0.000000 max=215.000000
[CudaTags] detected 1 tags
[CudaTags] frame 640x480 channels=3 type=16 stride=1920
[CudaTags] converting BGR->GRAY
[CudaTags] gray: continuous=1 step=640
[CudaTags] gray stats min=0.000000 max=216.000000
[CudaTags] detected 1 tags
[CudaTags] frame 640x480 channels=3 type=16 stride=1920
[CudaTags] converting BGR->GRAY
[CudaTags] gray: continuous=1 step=640
[CudaTags] gray stats min=0.000000 max=219.000000
[CudaTags] detected 1 tags
[CudaTags] frame 640x480 channels=3 type=16 stride=1920
[CudaTags] converting BGR->GRAY
[CudaTags] gray: continuous=1 step=640
[CudaTags] gray stats min=0.000000 max=218.000000
[CudaTags] detected 1 tags
[CudaTags] frame 640x480 channels=3 type=16 stride=1920
[CudaTags] converting BGR->GRAY
[CudaTags] gray: continuous=1 step=640
[CudaTags] gray stats min=0.000000 max=221.000000
[CudaTags] detected 1 tags
[CudaTags] frame 640x480 channels=3 type=16 stride=1920
[CudaTags] converting BGR->GRAY
[CudaTags] gray: continuous=1 step=640
[CudaTags] gray stats min=0.000000 max=217.000000
[CudaTags] detected 1 tags
[CudaTags] frame 640x480 channels=3 type=16 stride=1920
[CudaTags] converting BGR->GRAY
[CudaTags] gray: continuous=1 step=640
[CudaTags] gray stats min=0.000000 max=218.000000
[CudaTags] detected 1 tags
[CudaTags] frame 640x480 channels=3 type=16 stride=1920
[CudaTags] converting BGR->GRAY
[CudaTags] gray: continuous=1 step=640
[CudaTags] gray stats min=0.000000 max=222.000000
[CudaTags] detected 1 tags
[CudaTags] frame 640x480 channels=3 type=16 stride=1920
[CudaTags] converting BGR->GRAY
[CudaTags] gray: continuous=1 step=640
[CudaTags] gray stats min=0.000000 max=223.000000
[CudaTags] detected 1 tags
[CudaTags] frame 640x480 channels=3 type=16 stride=1920
[CudaTags] converting BGR->GRAY
[CudaTags] gray: continuous=1 step=640
[CudaTags] gray stats min=0.000000 max=224.000000
[CudaTags] detected 1 tags
[CudaTags] frame 640x480 channels=3 type=16 stride=1920
[CudaTags] converting BGR->GRAY
[CudaTags] gray: continuous=1 step=640
[CudaTags] gray stats min=0.000000 max=226.000000
[CudaTags] detected 1 tags
[CudaTags] frame 640x480 channels=3 type=16 stride=1920
[CudaTags] converting BGR->GRAY
[CudaTags] gray: continuous=1 step=640
[CudaTags] gray stats min=0.000000 max=230.000000
[CudaTags] detected 1 tags
[CudaTags] frame 640x480 channels=3 type=16 stride=1920
[CudaTags] converting BGR->GRAY
[CudaTags] gray: continuous=1 step=640
[CudaTags] gray stats min=0.000000 max=231.000000
[CudaTags] detected 1 tags
[CudaTags] frame 640x480 channels=3 type=16 stride=1920
[CudaTags] converting BGR->GRAY
[CudaTags] gray: continuous=1 step=640
[CudaTags] gray stats min=0.000000 max=231.000000
[CudaTags] detected 1 tags
[CudaTags] frame 640x480 channels=3 type=16 stride=1920
[CudaTags] converting BGR->GRAY
[CudaTags] gray: continuous=1 step=640
[CudaTags] gray stats min=0.000000 max=231.000000
[CudaTags] detected 1 tags
[CudaTags] frame 640x480 channels=3 type=16 stride=1920
[CudaTags] converting BGR->GRAY
[CudaTags] gray: continuous=1 step=640
[CudaTags] gray stats min=0.000000 max=230.000000
[CudaTags] detected 1 tags
[CudaTags] frame 640x480 channels=3 type=16 stride=1920
[CudaTags] converting BGR->GRAY
[CudaTags] gray: continuous=1 step=640
[CudaTags] gray stats min=0.000000 max=229.000000
[CudaTags] detected 1 tags
[CudaTags] frame 640x480 channels=3 type=16 stride=1920
[CudaTags] converting BGR->GRAY
[CudaTags] gray: continuous=1 step=640
[CudaTags] gray stats min=0.000000 max=231.000000
[CudaTags] detected 1 tags
[CudaTags] frame 640x480 channels=3 type=16 stride=1920
[CudaTags] converting BGR->GRAY
[CudaTags] gray: continuous=1 step=640
[CudaTags] gray stats min=0.000000 max=231.000000
[CudaTags] detected 1 tags
[CudaTags] frame 640x480 channels=3 type=16 stride=1920
[CudaTags] converting BGR->GRAY
[CudaTags] gray: continuous=1 step=640
[CudaTags] gray stats min=0.000000 max=232.000000
[CudaTags] detected 1 tags
[CudaTags] frame 640x480 channels=3 type=16 stride=1920
[CudaTags] converting BGR->GRAY
[CudaTags] gray: continuous=1 step=640
[CudaTags] gray stats min=0.000000 max=236.000000
[CudaTags] detected 1 tags
[CudaTags] frame 640x480 channels=3 type=16 stride=1920
[CudaTags] converting BGR->GRAY
[CudaTags] gray: continuous=1 step=640
[CudaTags] gray stats min=0.000000 max=232.000000
[CudaTags] detected 1 tags
[CudaTags] frame 640x480 channels=3 type=16 stride=1920
[CudaTags] converting BGR->GRAY
[CudaTags] gray: continuous=1 step=640
[CudaTags] gray stats min=0.000000 max=231.000000
[CudaTags] detected 1 tags
[CudaTags] frame 640x480 channels=3 type=16 stride=1920
[CudaTags] converting BGR->GRAY
[CudaTags] gray: continuous=1 step=640
[CudaTags] gray stats min=0.000000 max=232.000000
[CudaTags] detected 1 tags
[CudaTags] frame 640x480 channels=3 type=16 stride=1920
[CudaTags] converting BGR->GRAY
[CudaTags] gray: continuous=1 step=640
[CudaTags] gray stats min=0.000000 max=234.000000
[CudaTags] detected 1 tags
[CudaTags] frame 640x480 channels=3 type=16 stride=1920
[CudaTags] converting BGR->GRAY
[CudaTags] gray: continuous=1 step=640
[CudaTags] gray stats min=0.000000 max=234.000000
[CudaTags] detected 1 tags
[CudaTags] frame 640x480 channels=3 type=16 stride=1920
[CudaTags] converting BGR->GRAY
[CudaTags] gray: continuous=1 step=640
[CudaTags] gray stats min=0.000000 max=236.000000
[CudaTags] detected 1 tags
[CudaTags] frame 640x480 channels=3 type=16 stride=1920
[CudaTags] converting BGR->GRAY
[CudaTags] gray: continuous=1 step=640
[CudaTags] gray stats min=0.000000 max=236.000000
[CudaTags] detected 1 tags
[CudaTags] frame 640x480 channels=3 type=16 stride=1920
[CudaTags] converting BGR->GRAY
[CudaTags] gray: continuous=1 step=640
[CudaTags] gray stats min=0.000000 max=234.000000
[CudaTags] detected 1 tags
[CudaTags] frame 640x480 channels=3 type=16 stride=1920
[CudaTags] converting BGR->GRAY
[CudaTags] gray: continuous=1 step=640
[CudaTags] gray stats min=0.000000 max=235.000000
[CudaTags] detected 1 tags
[CudaTags] frame 640x480 channels=3 type=16 stride=1920
[CudaTags] converting BGR->GRAY
[CudaTags] gray: continuous=1 step=640
[CudaTags] gray stats min=0.000000 max=236.000000
[CudaTags] detected 1 tags
[CudaTags] frame 640x480 channels=3 type=16 stride=1920
[CudaTags] converting BGR->GRAY
[CudaTags] gray: continuous=1 step=640
[CudaTags] gray stats min=0.000000 max=238.000000
[CudaTags] detected 1 tags
[CudaTags] frame 640x480 channels=3 type=16 stride=1920
[CudaTags] converting BGR->GRAY
[CudaTags] gray: continuous=1 step=640
[CudaTags] gray stats min=0.000000 max=240.000000
[CudaTags] detected 1 tags
[CudaTags] frame 640x480 channels=3 type=16 stride=1920
[CudaTags] converting BGR->GRAY
[CudaTags] gray: continuous=1 step=640
[CudaTags] gray stats min=0.000000 max=238.000000
[CudaTags] detected 1 tags
[CudaTags] frame 640x480 channels=3 type=16 stride=1920
[CudaTags] converting BGR->GRAY
[CudaTags] gray: continuous=1 step=640
[CudaTags] gray stats min=0.000000 max=244.000000
[CudaTags] detected 1 tags
[CudaTags] frame 640x480 channels=3 type=16 stride=1920
[CudaTags] converting BGR->GRAY
[CudaTags] gray: continuous=1 step=640
[CudaTags] gray stats min=0.000000 max=238.000000
[CudaTags] detected 1 tags
[CudaTags] frame 640x480 channels=3 type=16 stride=1920
[CudaTags] converting BGR->GRAY
[CudaTags] gray: continuous=1 step=640
[CudaTags] gray stats min=0.000000 max=241.000000
[CudaTags] detected 1 tags
[CudaTags] frame 640x480 channels=3 type=16 stride=1920
[CudaTags] converting BGR->GRAY
[CudaTags] gray: continuous=1 step=640
[CudaTags] gray stats min=0.000000 max=239.000000
[CudaTags] detected 1 tags
[CudaTags] frame 640x480 channels=3 type=16 stride=1920
[CudaTags] converting BGR->GRAY
[CudaTags] gray: continuous=1 step=640
[CudaTags] gray stats min=0.000000 max=237.000000
[CudaTags] detected 1 tags
[CudaTags] frame 640x480 channels=3 type=16 stride=1920
[CudaTags] converting BGR->GRAY
[CudaTags] gray: continuous=1 step=640
[CudaTags] gray stats min=0.000000 max=241.000000
[CudaTags] detected 1 tags
[CudaTags] frame 640x480 channels=3 type=16 stride=1920
[CudaTags] converting BGR->GRAY
[CudaTags] gray: continuous=1 step=640
[CudaTags] gray stats min=0.000000 max=236.000000
[CudaTags] detected 1 tags
[CudaTags] frame 640x480 channels=3 type=16 stride=1920
[CudaTags] converting BGR->GRAY
[CudaTags] gray: continuous=1 step=640
[CudaTags] gray stats min=0.000000 max=237.000000
[CudaTags] detected 1 tags
[CudaTags] frame 640x480 channels=3 type=16 stride=1920
[CudaTags] converting BGR->GRAY
[CudaTags] gray: continuous=1 step=640
[CudaTags] gray stats min=0.000000 max=238.000000
[CudaTags] detected 1 tags
[CudaTags] frame 640x480 channels=3 type=16 stride=1920
[CudaTags] converting BGR->GRAY
[CudaTags] gray: continuous=1 step=640
[CudaTags] gray stats min=0.000000 max=238.000000
[CudaTags] detected 1 tags
[CudaTags] frame 640x480 channels=3 type=16 stride=1920
[CudaTags] converting BGR->GRAY
[CudaTags] gray: continuous=1 step=640
[CudaTags] gray stats min=0.000000 max=239.000000
[CudaTags] detected 1 tags
[CudaTags] frame 640x480 channels=3 type=16 stride=1920
[CudaTags] converting BGR->GRAY
[CudaTags] gray: continuous=1 step=640
[CudaTags] gray stats min=0.000000 max=236.000000
[CudaTags] detected 1 tags
[CudaTags] frame 640x480 channels=3 type=16 stride=1920
[CudaTags] converting BGR->GRAY
[CudaTags] gray: continuous=1 step=640
[CudaTags] gray stats min=0.000000 max=237.000000
[CudaTags] detected 1 tags
[CudaTags] frame 640x480 channels=3 type=16 stride=1920
[CudaTags] converting BGR->GRAY
[CudaTags] gray: continuous=1 step=640
[CudaTags] gray stats min=0.000000 max=235.000000
[CudaTags] detected 1 tags
[CudaTags] frame 640x480 channels=3 type=16 stride=1920
[CudaTags] converting BGR->GRAY
[CudaTags] gray: continuous=1 step=640
[CudaTags] gray stats min=0.000000 max=236.000000
[CudaTags] detected 1 tags
[CudaTags] frame 640x480 channels=3 type=16 stride=1920
[CudaTags] converting BGR->GRAY
[CudaTags] gray: continuous=1 step=640
[CudaTags] gray stats min=0.000000 max=236.000000
[CudaTags] detected 1 tags
[CudaTags] frame 640x480 channels=3 type=16 stride=1920
[CudaTags] converting BGR->GRAY
[CudaTags] gray: continuous=1 step=640
[CudaTags] gray stats min=0.000000 max=240.000000
[CudaTags] detected 1 tags
[CudaTags] frame 640x480 channels=3 type=16 stride=1920
[CudaTags] converting BGR->GRAY
[CudaTags] gray: continuous=1 step=640
[CudaTags] gray stats min=0.000000 max=245.000000
[CudaTags] detected 1 tags
[CudaTags] frame 640x480 channels=3 type=16 stride=1920
[CudaTags] converting BGR->GRAY
[CudaTags] gray: continuous=1 step=640
[CudaTags] gray stats min=0.000000 max=242.000000
[CudaTags] detected 1 tags
[CudaTags] frame 640x480 channels=3 type=16 stride=1920
[CudaTags] converting BGR->GRAY
[CudaTags] gray: continuous=1 step=640
[CudaTags] gray stats min=0.000000 max=245.000000
[CudaTags] detected 1 tags
[CudaTags] frame 640x480 channels=3 type=16 stride=1920
[CudaTags] converting BGR->GRAY
[CudaTags] gray: continuous=1 step=640
[CudaTags] gray stats min=0.000000 max=244.000000
[CudaTags] detected 1 tags
[CudaTags] frame 640x480 channels=3 type=16 stride=1920
[CudaTags] converting BGR->GRAY
[CudaTags] gray: continuous=1 step=640
[CudaTags] gray stats min=0.000000 max=246.000000
[CudaTags] detected 1 tags
[CudaTags] frame 640x480 channels=3 type=16 stride=1920
[CudaTags] converting BGR->GRAY
[CudaTags] gray: continuous=1 step=640
[CudaTags] gray stats min=0.000000 max=244.000000
[CudaTags] detected 1 tags
[CudaTags] frame 640x480 channels=3 type=16 stride=1920
[CudaTags] converting BGR->GRAY
[CudaTags] gray: continuous=1 step=640
[CudaTags] gray stats min=0.000000 max=240.000000
[CudaTags] detected 1 tags
[CudaTags] frame 640x480 channels=3 type=16 stride=1920
[CudaTags] converting BGR->GRAY
[CudaTags] gray: continuous=1 step=640
[CudaTags] gray stats min=0.000000 max=236.000000
[CudaTags] detected 1 tags
[CudaTags] frame 640x480 channels=3 type=16 stride=1920
[CudaTags] converting BGR->GRAY
[CudaTags] gray: continuous=1 step=640
[CudaTags] gray stats min=0.000000 max=242.000000
[CudaTags] detected 1 tags
[CudaTags] frame 640x480 channels=3 type=16 stride=1920
[CudaTags] converting BGR->GRAY
[CudaTags] gray: continuous=1 step=640
[CudaTags] gray stats min=0.000000 max=239.000000
[CudaTags] detected 1 tags
[CudaTags] frame 640x480 channels=3 type=16 stride=1920
[CudaTags] converting BGR->GRAY
[CudaTags] gray: continuous=1 step=640
[CudaTags] gray stats min=0.000000 max=253.000000
[CudaTags] detected 1 tags
[CudaTags] frame 640x480 channels=3 type=16 stride=1920
[CudaTags] converting BGR->GRAY
[CudaTags] gray: continuous=1 step=640
[CudaTags] gray stats min=0.000000 max=247.000000
[CudaTags] detected 1 tags
[CudaTags] frame 640x480 channels=3 type=16 stride=1920
[CudaTags] converting BGR->GRAY
[CudaTags] gray: continuous=1 step=640
[CudaTags] gray stats min=0.000000 max=250.000000
[CudaTags] detected 1 tags
[CudaTags] frame 640x480 channels=3 type=16 stride=1920
[CudaTags] converting BGR->GRAY
[CudaTags] gray: continuous=1 step=640
[CudaTags] gray stats min=0.000000 max=251.000000
[CudaTags] detected 1 tags
[CudaTags] frame 640x480 channels=3 type=16 stride=1920
[CudaTags] converting BGR->GRAY
[CudaTags] gray: continuous=1 step=640
[CudaTags] gray stats min=0.000000 max=253.000000
[CudaTags] detected 1 tags
[CudaTags] frame 640x480 channels=3 type=16 stride=1920
[CudaTags] converting BGR->GRAY
[CudaTags] gray: continuous=1 step=640
[CudaTags] gray stats min=0.000000 max=250.000000
[CudaTags] detected 1 tags
[CudaTags] frame 640x480 channels=3 type=16 stride=1920
[CudaTags] converting BGR->GRAY
[CudaTags] gray: continuous=1 step=640
[CudaTags] gray stats min=0.000000 max=250.000000
[CudaTags] detected 1 tags
[CudaTags] frame 640x480 channels=3 type=16 stride=1920
[CudaTags] converting BGR->GRAY
[CudaTags] gray: continuous=1 step=640
[CudaTags] gray stats min=0.000000 max=253.000000
[CudaTags] detected 1 tags
[CudaTags] frame 640x480 channels=3 type=16 stride=1920
[CudaTags] converting BGR->GRAY
[CudaTags] gray: continuous=1 step=640
[CudaTags] gray stats min=0.000000 max=251.000000
[CudaTags] detected 1 tags
[CudaTags] frame 640x480 channels=3 type=16 stride=1920
[CudaTags] converting BGR->GRAY
[CudaTags] gray: continuous=1 step=640
[CudaTags] gray stats min=0.000000 max=253.000000
[CudaTags] detected 1 tags
[CudaTags] frame 640x480 channels=3 type=16 stride=1920
[CudaTags] converting BGR->GRAY
[CudaTags] gray: continuous=1 step=640
[CudaTags] gray stats min=0.000000 max=253.000000
[CudaTags] detected 1 tags
[CudaTags] frame 640x480 channels=3 type=16 stride=1920
[CudaTags] converting BGR->GRAY
[CudaTags] gray: continuous=1 step=640
[CudaTags] gray stats min=0.000000 max=253.000000
[CudaTags] detected 1 tags
[CudaTags] frame 640x480 channels=3 type=16 stride=1920
[CudaTags] converting BGR->GRAY
[CudaTags] gray: continuous=1 step=640
[CudaTags] gray stats min=0.000000 max=253.000000
[CudaTags] detected 1 tags
[CudaTags] frame 640x480 channels=3 type=16 stride=1920
[CudaTags] converting BGR->GRAY
[CudaTags] gray: continuous=1 step=640
[CudaTags] gray stats min=0.000000 max=253.000000
[CudaTags] detected 1 tags
[CudaTags] frame 640x480 channels=3 type=16 stride=1920
[CudaTags] converting BGR->GRAY
[CudaTags] gray: continuous=1 step=640
[CudaTags] gray stats min=0.000000 max=251.000000
[CudaTags] detected 1 tags
[CudaTags] frame 640x480 channels=3 type=16 stride=1920
[CudaTags] converting BGR->GRAY
[CudaTags] gray: continuous=1 step=640
[CudaTags] gray stats min=0.000000 max=254.000000
[CudaTags] detected 1 tags
[CudaTags] frame 640x480 channels=3 type=16 stride=1920
[CudaTags] converting BGR->GRAY
[CudaTags] gray: continuous=1 step=640
[CudaTags] gray stats min=0.000000 max=254.000000
[CudaTags] detected 1 tags
[CudaTags] frame 640x480 channels=3 type=16 stride=1920
[CudaTags] converting BGR->GRAY
[CudaTags] gray: continuous=1 step=640
[CudaTags] gray stats min=0.000000 max=249.000000
[CudaTags] detected 1 tags
[CudaTags] frame 640x480 channels=3 type=16 stride=1920
[CudaTags] converting BGR->GRAY
[CudaTags] gray: continuous=1 step=640
[CudaTags] gray stats min=0.000000 max=251.000000
[CudaTags] detected 1 tags
[CudaTags] frame 640x480 channels=3 type=16 stride=1920
[CudaTags] converting BGR->GRAY
[CudaTags] gray: continuous=1 step=640
[CudaTags] gray stats min=0.000000 max=249.000000
[CudaTags] detected 1 tags
[CudaTags] frame 640x480 channels=3 type=16 stride=1920
[CudaTags] converting BGR->GRAY
[CudaTags] gray: continuous=1 step=640
[CudaTags] gray stats min=0.000000 max=253.000000
[CudaTags] detected 1 tags
[CudaTags] frame 640x480 channels=3 type=16 stride=1920
[CudaTags] converting BGR->GRAY
[CudaTags] gray: continuous=1 step=640
[CudaTags] gray stats min=0.000000 max=252.000000
[CudaTags] detected 1 tags
[CudaTags] frame 640x480 channels=3 type=16 stride=1920
[CudaTags] converting BGR->GRAY
[CudaTags] gray: continuous=1 step=640
[CudaTags] gray stats min=0.000000 max=252.000000
[CudaTags] detected 1 tags
[CudaTags] frame 640x480 channels=3 type=16 stride=1920
[CudaTags] converting BGR->GRAY
[CudaTags] gray: continuous=1 step=640
[CudaTags] gray stats min=0.000000 max=251.000000
[CudaTags] detected 1 tags
[CudaTags] frame 640x480 channels=3 type=16 stride=1920
[CudaTags] converting BGR->GRAY
[CudaTags] gray: continuous=1 step=640
[CudaTags] gray stats min=0.000000 max=253.000000
[CudaTags] detected 1 tags
[CudaTags] frame 640x480 channels=3 type=16 stride=1920
[CudaTags] converting BGR->GRAY
[CudaTags] gray: continuous=1 step=640
[CudaTags] gray stats min=0.000000 max=252.000000
[CudaTags] detected 1 tags
[CudaTags] frame 640x480 channels=3 type=16 stride=1920
[CudaTags] converting BGR->GRAY
[CudaTags] gray: continuous=1 step=640
[CudaTags] gray stats min=0.000000 max=253.000000
[CudaTags] detected 1 tags
[CudaTags] frame 640x480 channels=3 type=16 stride=1920
[CudaTags] converting BGR->GRAY
[CudaTags] gray: continuous=1 step=640
[CudaTags] gray stats min=0.000000 max=254.000000
[CudaTags] detected 1 tags
[CudaTags] frame 640x480 channels=3 type=16 stride=1920
[CudaTags] converting BGR->GRAY
[CudaTags] gray: continuous=1 step=640
[CudaTags] gray stats min=0.000000 max=254.000000
[CudaTags] detected 1 tags
[CudaTags] frame 640x480 channels=3 type=16 stride=1920
[CudaTags] converting BGR->GRAY
[CudaTags] gray: continuous=1 step=640
[CudaTags] gray stats min=0.000000 max=252.000000
[CudaTags] detected 1 tags
[CudaTags] frame 640x480 channels=3 type=16 stride=1920
[CudaTags] converting BGR->GRAY
[CudaTags] gray: continuous=1 step=640
[CudaTags] gray stats min=0.000000 max=253.000000
[CudaTags] detected 1 tags
[CudaTags] frame 640x480 channels=3 type=16 stride=1920
[CudaTags] converting BGR->GRAY
[CudaTags] gray: continuous=1 step=640
[CudaTags] gray stats min=0.000000 max=253.000000
[CudaTags] detected 1 tags
[CudaTags] frame 640x480 channels=3 type=16 stride=1920
[CudaTags] converting BGR->GRAY
[CudaTags] gray: continuous=1 step=640
[CudaTags] gray stats min=0.000000 max=253.000000
[CudaTags] detected 1 tags
[CudaTags] frame 640x480 channels=3 type=16 stride=1920
[CudaTags] converting BGR->GRAY
[CudaTags] gray: continuous=1 step=640
[CudaTags] gray stats min=0.000000 max=251.000000
[CudaTags] detected 1 tags
[CudaTags] frame 640x480 channels=3 type=16 stride=1920
[CudaTags] converting BGR->GRAY
[CudaTags] gray: continuous=1 step=640
[CudaTags] gray stats min=0.000000 max=254.000000
[CudaTags] detected 1 tags
[CudaTags] frame 640x480 channels=3 type=16 stride=1920
[CudaTags] converting BGR->GRAY
[CudaTags] gray: continuous=1 step=640
[CudaTags] gray stats min=0.000000 max=254.000000
[CudaTags] detected 1 tags
[CudaTags] frame 640x480 channels=3 type=16 stride=1920
[CudaTags] converting BGR->GRAY
[CudaTags] gray: continuous=1 step=640
[CudaTags] gray stats min=0.000000 max=237.000000
[CudaTags] detected 1 tags
[CudaTags] frame 640x480 channels=3 type=16 stride=1920
[CudaTags] converting BGR->GRAY
[CudaTags] gray: continuous=1 step=640
[CudaTags] gray stats min=0.000000 max=240.000000
[CudaTags] detected 1 tags
[CudaTags] frame 640x480 channels=3 type=16 stride=1920
[CudaTags] converting BGR->GRAY
[CudaTags] gray: continuous=1 step=640
[CudaTags] gray stats min=0.000000 max=238.000000
[CudaTags] detected 1 tags
[CudaTags] frame 640x480 channels=3 type=16 stride=1920
[CudaTags] converting BGR->GRAY
[CudaTags] gray: continuous=1 step=640
[CudaTags] gray stats min=0.000000 max=241.000000
[CudaTags] detected 1 tags
[CudaTags] frame 640x480 channels=3 type=16 stride=1920
[CudaTags] converting BGR->GRAY
[CudaTags] gray: continuous=1 step=640
[CudaTags] gray stats min=0.000000 max=238.000000
[CudaTags] detected 1 tags
[CudaTags] frame 640x480 channels=3 type=16 stride=1920
[CudaTags] converting BGR->GRAY
[CudaTags] gray: continuous=1 step=640
[CudaTags] gray stats min=0.000000 max=235.000000
[CudaTags] detected 1 tags
[CudaTags] frame 640x480 channels=3 type=16 stride=1920
[CudaTags] converting BGR->GRAY
[CudaTags] gray: continuous=1 step=640
[CudaTags] gray stats min=0.000000 max=240.000000
[CudaTags] detected 1 tags
[CudaTags] frame 640x480 channels=3 type=16 stride=1920
[CudaTags] converting BGR->GRAY
[CudaTags] gray: continuous=1 step=640
[CudaTags] gray stats min=0.000000 max=243.000000
[CudaTags] detected 1 tags
[CudaTags] frame 640x480 channels=3 type=16 stride=1920
[CudaTags] converting BGR->GRAY
[CudaTags] gray: continuous=1 step=640
[CudaTags] gray stats min=0.000000 max=233.000000
[CudaTags] detected 1 tags
[CudaTags] frame 640x480 channels=3 type=16 stride=1920
[CudaTags] converting BGR->GRAY
[CudaTags] gray: continuous=1 step=640
[CudaTags] gray stats min=0.000000 max=232.000000
[CudaTags] detected 1 tags
[CudaTags] frame 640x480 channels=3 type=16 stride=1920
[CudaTags] converting BGR->GRAY
[CudaTags] gray: continuous=1 step=640
[CudaTags] gray stats min=0.000000 max=239.000000
[CudaTags] detected 1 tags
[CudaTags] frame 640x480 channels=3 type=16 stride=1920
[CudaTags] converting BGR->GRAY
[CudaTags] gray: continuous=1 step=640
[CudaTags] gray stats min=0.000000 max=232.000000
[CudaTags] detected 1 tags
[CudaTags] frame 640x480 channels=3 type=16 stride=1920
[CudaTags] converting BGR->GRAY
[CudaTags] gray: continuous=1 step=640
[CudaTags] gray stats min=0.000000 max=233.000000
[CudaTags] detected 1 tags
[CudaTags] frame 640x480 channels=3 type=16 stride=1920
[CudaTags] converting BGR->GRAY
[CudaTags] gray: continuous=1 step=640
[CudaTags] gray stats min=0.000000 max=232.000000
[CudaTags] detected 1 tags
[CudaTags] frame 640x480 channels=3 type=16 stride=1920
[CudaTags] converting BGR->GRAY
[CudaTags] gray: continuous=1 step=640
[CudaTags] gray stats min=0.000000 max=230.000000
[CudaTags] detected 1 tags
[CudaTags] frame 640x480 channels=3 type=16 stride=1920
[CudaTags] converting BGR->GRAY
[CudaTags] gray: continuous=1 step=640
[CudaTags] gray stats min=0.000000 max=233.000000
[CudaTags] detected 1 tags
[CudaTags] frame 640x480 channels=3 type=16 stride=1920
[CudaTags] converting BGR->GRAY
[CudaTags] gray: continuous=1 step=640
[CudaTags] gray stats min=0.000000 max=255.000000
[CudaTags] detected 1 tags
[CudaTags] frame 640x480 channels=3 type=16 stride=1920
[CudaTags] converting BGR->GRAY
[CudaTags] gray: continuous=1 step=640
[CudaTags] gray stats min=0.000000 max=254.000000
[CudaTags] detected 1 tags
[CudaTags] frame 640x480 channels=3 type=16 stride=1920
[CudaTags] converting BGR->GRAY
[CudaTags] gray: continuous=1 step=640
[CudaTags] gray stats min=0.000000 max=254.000000
[CudaTags] detected 1 tags
[CudaTags] frame 640x480 channels=3 type=16 stride=1920
[CudaTags] converting BGR->GRAY
[CudaTags] gray: continuous=1 step=640
[CudaTags] gray stats min=0.000000 max=254.000000
[CudaTags] detected 1 tags
[CudaTags] frame 640x480 channels=3 type=16 stride=1920
[CudaTags] converting BGR->GRAY
[CudaTags] gray: continuous=1 step=640
[CudaTags] gray stats min=0.000000 max=254.000000
[CudaTags] detected 1 tags
[CudaTags] frame 640x480 channels=3 type=16 stride=1920
[CudaTags] converting BGR->GRAY
[CudaTags] gray: continuous=1 step=640
[CudaTags] gray stats min=0.000000 max=254.000000
[CudaTags] detected 1 tags
[CudaTags] frame 640x480 channels=3 type=16 stride=1920
[CudaTags] converting BGR->GRAY
[CudaTags] gray: continuous=1 step=640
[CudaTags] gray stats min=0.000000 max=254.000000
[CudaTags] detected 1 tags
[CudaTags] frame 640x480 channels=3 type=16 stride=1920
[CudaTags] converting BGR->GRAY
[CudaTags] gray: continuous=1 step=640
[CudaTags] gray stats min=0.000000 max=254.000000
[CudaTags] detected 1 tags
[CudaTags] frame 640x480 channels=3 type=16 stride=1920
[CudaTags] converting BGR->GRAY
[CudaTags] gray: continuous=1 step=640
[CudaTags] gray stats min=0.000000 max=254.000000
[CudaTags] detected 1 tags
[CudaTags] frame 640x480 channels=3 type=16 stride=1920
[CudaTags] converting BGR->GRAY
[CudaTags] gray: continuous=1 step=640
[CudaTags] gray stats min=0.000000 max=254.000000
[CudaTags] detected 1 tags
[CudaTags] frame 640x480 channels=3 type=16 stride=1920
[CudaTags] converting BGR->GRAY
[CudaTags] gray: continuous=1 step=640
[CudaTags] gray stats min=0.000000 max=254.000000
[CudaTags] detected 1 tags
[CudaTags] frame 640x480 channels=3 type=16 stride=1920
[CudaTags] converting BGR->GRAY
[CudaTags] gray: continuous=1 step=640
[CudaTags] gray stats min=0.000000 max=254.000000
[CudaTags] detected 1 tags
[CudaTags] frame 640x480 channels=3 type=16 stride=1920
[CudaTags] converting BGR->GRAY
[CudaTags] gray: continuous=1 step=640
[CudaTags] gray stats min=0.000000 max=253.000000
[CudaTags] detected 1 tags
[CudaTags] frame 640x480 channels=3 type=16 stride=1920
[CudaTags] converting BGR->GRAY
[CudaTags] gray: continuous=1 step=640
[CudaTags] gray stats min=0.000000 max=254.000000
[CudaTags] detected 1 tags
[CudaTags] frame 640x480 channels=3 type=16 stride=1920
[CudaTags] converting BGR->GRAY
[CudaTags] gray: continuous=1 step=640
[CudaTags] gray stats min=0.000000 max=253.000000
[CudaTags] detected 1 tags
[CudaTags] frame 640x480 channels=3 type=16 stride=1920
[CudaTags] converting BGR->GRAY
[CudaTags] gray: continuous=1 step=640
[CudaTags] gray stats min=0.000000 max=255.000000
[CudaTags] detected 1 tags
[CudaTags] frame 640x480 channels=3 type=16 stride=1920
[CudaTags] converting BGR->GRAY
[CudaTags] gray: continuous=1 step=640
[CudaTags] gray stats min=0.000000 max=254.000000
[CudaTags] detected 1 tags
[CudaTags] frame 640x480 channels=3 type=16 stride=1920
[CudaTags] converting BGR->GRAY
[CudaTags] gray: continuous=1 step=640
[CudaTags] gray stats min=0.000000 max=254.000000
[CudaTags] detected 1 tags
[CudaTags] frame 640x480 channels=3 type=16 stride=1920
[CudaTags] converting BGR->GRAY
[CudaTags] gray: continuous=1 step=640
[CudaTags] gray stats min=0.000000 max=254.000000
[CudaTags] detected 1 tags
[CudaTags] frame 640x480 channels=3 type=16 stride=1920
[CudaTags] converting BGR->GRAY
[CudaTags] gray: continuous=1 step=640
[CudaTags] gray stats min=0.000000 max=253.000000
[CudaTags] detected 1 tags
[CudaTags] frame 640x480 channels=3 type=16 stride=1920
[CudaTags] converting BGR->GRAY
[CudaTags] gray: continuous=1 step=640
[CudaTags] gray stats min=0.000000 max=254.000000
[CudaTags] detected 1 tags
[CudaTags] frame 640x480 channels=3 type=16 stride=1920
[CudaTags] converting BGR->GRAY
[CudaTags] gray: continuous=1 step=640
[CudaTags] gray stats min=0.000000 max=254.000000
[CudaTags] detected 1 tags
[CudaTags] frame 640x480 channels=3 type=16 stride=1920
[CudaTags] converting BGR->GRAY
[CudaTags] gray: continuous=1 step=640
[CudaTags] gray stats min=0.000000 max=254.000000
[CudaTags] detected 1 tags
[CudaTags] frame 640x480 channels=3 type=16 stride=1920
[CudaTags] converting BGR->GRAY
[CudaTags] gray: continuous=1 step=640
[CudaTags] gray stats min=0.000000 max=252.000000
[CudaTags] detected 1 tags
[CudaTags] frame 640x480 channels=3 type=16 stride=1920
[CudaTags] converting BGR->GRAY
[CudaTags] gray: continuous=1 step=640
[CudaTags] gray stats min=0.000000 max=254.000000
[CudaTags] detected 1 tags
[CudaTags] frame 640x480 channels=3 type=16 stride=1920
[CudaTags] converting BGR->GRAY
[CudaTags] gray: continuous=1 step=640
[CudaTags] gray stats min=0.000000 max=253.000000
[CudaTags] detected 1 tags
[CudaTags] frame 640x480 channels=3 type=16 stride=1920
[CudaTags] converting BGR->GRAY
[CudaTags] gray: continuous=1 step=640
[CudaTags] gray stats min=0.000000 max=253.000000
[CudaTags] detected 1 tags
[CudaTags] frame 640x480 channels=3 type=16 stride=1920
[CudaTags] converting BGR->GRAY
[CudaTags] gray: continuous=1 step=640
[CudaTags] gray stats min=0.000000 max=253.000000
[CudaTags] detected 1 tags
[CudaTags] frame 640x480 channels=3 type=16 stride=1920
[CudaTags] converting BGR->GRAY
[CudaTags] gray: continuous=1 step=640
[CudaTags] gray stats min=0.000000 max=254.000000
[CudaTags] detected 1 tags
[CudaTags] frame 640x480 channels=3 type=16 stride=1920
[CudaTags] converting BGR->GRAY
[CudaTags] gray: continuous=1 step=640
[CudaTags] gray stats min=0.000000 max=253.000000
[CudaTags] detected 1 tags
[CudaTags] frame 640x480 channels=3 type=16 stride=1920
[CudaTags] converting BGR->GRAY
[CudaTags] gray: continuous=1 step=640
[CudaTags] gray stats min=0.000000 max=255.000000
[CudaTags] detected 1 tags
[CudaTags] frame 640x480 channels=3 type=16 stride=1920
[CudaTags] converting BGR->GRAY
[CudaTags] gray: continuous=1 step=640
[CudaTags] gray stats min=0.000000 max=245.000000
[CudaTags] detected 1 tags
[CudaTags] frame 640x480 channels=3 type=16 stride=1920
[CudaTags] converting BGR->GRAY
[CudaTags] gray: continuous=1 step=640
[CudaTags] gray stats min=0.000000 max=240.000000
[CudaTags] detected 1 tags
[CudaTags] frame 640x480 channels=3 type=16 stride=1920
[CudaTags] converting BGR->GRAY
[CudaTags] gray: continuous=1 step=640
[CudaTags] gray stats min=0.000000 max=244.000000
[CudaTags] detected 1 tags
[CudaTags] frame 640x480 channels=3 type=16 stride=1920
[CudaTags] converting BGR->GRAY
[CudaTags] gray: continuous=1 step=640
[CudaTags] gray stats min=0.000000 max=242.000000
[CudaTags] detected 1 tags
[CudaTags] frame 640x480 channels=3 type=16 stride=1920
[CudaTags] converting BGR->GRAY
[CudaTags] gray: continuous=1 step=640
[CudaTags] gray stats min=0.000000 max=242.000000
[CudaTags] detected 1 tags
[CudaTags] frame 640x480 channels=3 type=16 stride=1920
[CudaTags] converting BGR->GRAY
[CudaTags] gray: continuous=1 step=640
[CudaTags] gray stats min=0.000000 max=246.000000
[CudaTags] detected 1 tags
[CudaTags] frame 640x480 channels=3 type=16 stride=1920
[CudaTags] converting BGR->GRAY
[CudaTags] gray: continuous=1 step=640
[CudaTags] gray stats min=0.000000 max=243.000000
[CudaTags] detected 1 tags
[CudaTags] frame 640x480 channels=3 type=16 stride=1920
[CudaTags] converting BGR->GRAY
[CudaTags] gray: continuous=1 step=640
[CudaTags] gray stats min=0.000000 max=249.000000
[CudaTags] detected 1 tags
[CudaTags] frame 640x480 channels=3 type=16 stride=1920
[CudaTags] converting BGR->GRAY
[CudaTags] gray: continuous=1 step=640
[CudaTags] gray stats min=0.000000 max=239.000000
[CudaTags] detected 1 tags
[CudaTags] frame 640x480 channels=3 type=16 stride=1920
[CudaTags] converting BGR->GRAY
[CudaTags] gray: continuous=1 step=640
[CudaTags] gray stats min=0.000000 max=241.000000
[CudaTags] detected 1 tags
[CudaTags] frame 640x480 channels=3 type=16 stride=1920
[CudaTags] converting BGR->GRAY
[CudaTags] gray: continuous=1 step=640
[CudaTags] gray stats min=0.000000 max=247.000000
[CudaTags] detected 1 tags
[CudaTags] frame 640x480 channels=3 type=16 stride=1920
[CudaTags] converting BGR->GRAY
[CudaTags] gray: continuous=1 step=640
[CudaTags] gray stats min=0.000000 max=245.000000
[CudaTags] detected 1 tags
[CudaTags] frame 640x480 channels=3 type=16 stride=1920
[CudaTags] converting BGR->GRAY
[CudaTags] gray: continuous=1 step=640
[CudaTags] gray stats min=0.000000 max=242.000000
[CudaTags] detected 1 tags
[CudaTags] frame 640x480 channels=3 type=16 stride=1920
[CudaTags] converting BGR->GRAY
[CudaTags] gray: continuous=1 step=640
[CudaTags] gray stats min=0.000000 max=242.000000
[CudaTags] detected 1 tags
[CudaTags] frame 640x480 channels=3 type=16 stride=1920
[CudaTags] converting BGR->GRAY
[CudaTags] gray: continuous=1 step=640
[CudaTags] gray stats min=0.000000 max=242.000000
[CudaTags] detected 1 tags
[CudaTags] frame 640x480 channels=3 type=16 stride=1920
[CudaTags] converting BGR->GRAY
[CudaTags] gray: continuous=1 step=640
[CudaTags] gray stats min=0.000000 max=248.000000
[CudaTags] detected 1 tags
[CudaTags] frame 640x480 channels=3 type=16 stride=1920
[CudaTags] converting BGR->GRAY
[CudaTags] gray: continuous=1 step=640
[CudaTags] gray stats min=0.000000 max=246.000000
[CudaTags] detected 1 tags
[CudaTags] frame 640x480 channels=3 type=16 stride=1920
[CudaTags] converting BGR->GRAY
[CudaTags] gray: continuous=1 step=640
[CudaTags] gray stats min=0.000000 max=243.000000
[CudaTags] detected 1 tags
[CudaTags] frame 640x480 channels=3 type=16 stride=1920
[CudaTags] converting BGR->GRAY
[CudaTags] gray: continuous=1 step=640
[CudaTags] gray stats min=0.000000 max=248.000000
[CudaTags] detected 1 tags
[CudaTags] frame 640x480 channels=3 type=16 stride=1920
[CudaTags] converting BGR->GRAY
[CudaTags] gray: continuous=1 step=640
[CudaTags] gray stats min=0.000000 max=246.000000
[CudaTags] detected 1 tags
[CudaTags] frame 640x480 channels=3 type=16 stride=1920
[CudaTags] converting BGR->GRAY
[CudaTags] gray: continuous=1 step=640
[CudaTags] gray stats min=0.000000 max=247.000000
[CudaTags] detected 1 tags
[CudaTags] frame 640x480 channels=3 type=16 stride=1920
[CudaTags] converting BGR->GRAY
[CudaTags] gray: continuous=1 step=640
[CudaTags] gray stats min=0.000000 max=246.000000
[CudaTags] detected 1 tags
[CudaTags] frame 640x480 channels=3 type=16 stride=1920
[CudaTags] converting BGR->GRAY
[CudaTags] gray: continuous=1 step=640
[CudaTags] gray stats min=0.000000 max=248.000000
[CudaTags] detected 1 tags
[CudaTags] frame 640x480 channels=3 type=16 stride=1920
[CudaTags] converting BGR->GRAY
[CudaTags] gray: continuous=1 step=640
[CudaTags] gray stats min=0.000000 max=246.000000
[CudaTags] detected 1 tags
[CudaTags] frame 640x480 channels=3 type=16 stride=1920
[CudaTags] converting BGR->GRAY
[CudaTags] gray: continuous=1 step=640
[CudaTags] gray stats min=0.000000 max=248.000000
[CudaTags] detected 1 tags
[CudaTags] frame 640x480 channels=3 type=16 stride=1920
[CudaTags] converting BGR->GRAY
[CudaTags] gray: continuous=1 step=640
[CudaTags] gray stats min=0.000000 max=249.000000
[CudaTags] detected 1 tags
[CudaTags] frame 640x480 channels=3 type=16 stride=1920
[CudaTags] converting BGR->GRAY
[CudaTags] gray: continuous=1 step=640
[CudaTags] gray stats min=0.000000 max=247.000000
[CudaTags] detected 1 tags
[CudaTags] frame 640x480 channels=3 type=16 stride=1920
[CudaTags] converting BGR->GRAY
[CudaTags] gray: continuous=1 step=640
[CudaTags] gray stats min=0.000000 max=248.000000
[CudaTags] detected 1 tags
[CudaTags] frame 640x480 channels=3 type=16 stride=1920
[CudaTags] converting BGR->GRAY
[CudaTags] gray: continuous=1 step=640
[CudaTags] gray stats min=0.000000 max=250.000000
[CudaTags] detected 1 tags
[CudaTags] frame 640x480 channels=3 type=16 stride=1920
[CudaTags] converting BGR->GRAY
[CudaTags] gray: continuous=1 step=640
[CudaTags] gray stats min=0.000000 max=248.000000
[CudaTags] detected 1 tags
[CudaTags] frame 640x480 channels=3 type=16 stride=1920
[CudaTags] converting BGR->GRAY
[CudaTags] gray: continuous=1 step=640
[CudaTags] gray stats min=0.000000 max=246.000000
[CudaTags] detected 1 tags
[CudaTags] frame 640x480 channels=3 type=16 stride=1920
[CudaTags] converting BGR->GRAY
[CudaTags] gray: continuous=1 step=640
[CudaTags] gray stats min=0.000000 max=246.000000
[CudaTags] detected 1 tags
[CudaTags] frame 640x480 channels=3 type=16 stride=1920
[CudaTags] converting BGR->GRAY
[CudaTags] gray: continuous=1 step=640
[CudaTags] gray stats min=0.000000 max=252.000000
[CudaTags] detected 1 tags
[CudaTags] frame 640x480 channels=3 type=16 stride=1920
[CudaTags] converting BGR->GRAY
[CudaTags] gray: continuous=1 step=640
[CudaTags] gray stats min=0.000000 max=251.000000
[CudaTags] detected 1 tags
[CudaTags] frame 640x480 channels=3 type=16 stride=1920
[CudaTags] converting BGR->GRAY
[CudaTags] gray: continuous=1 step=640
[CudaTags] gray stats min=0.000000 max=247.000000
[CudaTags] detected 1 tags
[CudaTags] frame 640x480 channels=3 type=16 stride=1920
[CudaTags] converting BGR->GRAY
[CudaTags] gray: continuous=1 step=640
[CudaTags] gray stats min=0.000000 max=250.000000
[CudaTags] detected 1 tags
[CudaTags] frame 640x480 channels=3 type=16 stride=1920
[CudaTags] converting BGR->GRAY
[CudaTags] gray: continuous=1 step=640
[CudaTags] gray stats min=0.000000 max=249.000000
[CudaTags] detected 1 tags
[CudaTags] frame 640x480 channels=3 type=16 stride=1920
[CudaTags] converting BGR->GRAY
[CudaTags] gray: continuous=1 step=640
[CudaTags] gray stats min=0.000000 max=247.000000
[CudaTags] detected 1 tags
[CudaTags] frame 640x480 channels=3 type=16 stride=1920
[CudaTags] converting BGR->GRAY
[CudaTags] gray: continuous=1 step=640
[CudaTags] gray stats min=0.000000 max=246.000000
[CudaTags] detected 1 tags
[CudaTags] frame 640x480 channels=3 type=16 stride=1920
[CudaTags] converting BGR->GRAY
[CudaTags] gray: continuous=1 step=640
[CudaTags] gray stats min=0.000000 max=251.000000
[CudaTags] detected 1 tags
[CudaTags] frame 640x480 channels=3 type=16 stride=1920
[CudaTags] converting BGR->GRAY
[CudaTags] gray: continuous=1 step=640
[CudaTags] gray stats min=0.000000 max=253.000000
[CudaTags] detected 1 tags
[CudaTags] frame 640x480 channels=3 type=16 stride=1920
[CudaTags] converting BGR->GRAY
[CudaTags] gray: continuous=1 step=640
[CudaTags] gray stats min=0.000000 max=248.000000
[CudaTags] detected 1 tags
[CudaTags] frame 640x480 channels=3 type=16 stride=1920
[CudaTags] converting BGR->GRAY
[CudaTags] gray: continuous=1 step=640
[CudaTags] gray stats min=0.000000 max=246.000000
[CudaTags] detected 1 tags
[CudaTags] frame 640x480 channels=3 type=16 stride=1920
[CudaTags] converting BGR->GRAY
[CudaTags] gray: continuous=1 step=640
[CudaTags] gray stats min=0.000000 max=246.000000
[CudaTags] detected 1 tags
[CudaTags] frame 640x480 channels=3 type=16 stride=1920
[CudaTags] converting BGR->GRAY
[CudaTags] gray: continuous=1 step=640
[CudaTags] gray stats min=0.000000 max=249.000000
[CudaTags] detected 1 tags
[CudaTags] frame 640x480 channels=3 type=16 stride=1920
[CudaTags] converting BGR->GRAY
[CudaTags] gray: continuous=1 step=640
[CudaTags] gray stats min=0.000000 max=250.000000
[CudaTags] detected 1 tags
[CudaTags] frame 640x480 channels=3 type=16 stride=1920
[CudaTags] converting BGR->GRAY
[CudaTags] gray: continuous=1 step=640
[CudaTags] gray stats min=0.000000 max=244.000000
[CudaTags] detected 1 tags
[CudaTags] frame 640x480 channels=3 type=16 stride=1920
[CudaTags] converting BGR->GRAY
[CudaTags] gray: continuous=1 step=640
[CudaTags] gray stats min=0.000000 max=247.000000
[CudaTags] detected 1 tags
[CudaTags] frame 640x480 channels=3 type=16 stride=1920
[CudaTags] converting BGR->GRAY
[CudaTags] gray: continuous=1 step=640
[CudaTags] gray stats min=0.000000 max=246.000000
[CudaTags] detected 1 tags
[CudaTags] frame 640x480 channels=3 type=16 stride=1920
[CudaTags] converting BGR->GRAY
[CudaTags] gray: continuous=1 step=640
[CudaTags] gray stats min=0.000000 max=247.000000
[CudaTags] detected 1 tags
[CudaTags] frame 640x480 channels=3 type=16 stride=1920
[CudaTags] converting BGR->GRAY
[CudaTags] gray: continuous=1 step=640
[CudaTags] gray stats min=0.000000 max=250.000000
[CudaTags] detected 1 tags
[CudaTags] frame 640x480 channels=3 type=16 stride=1920
[CudaTags] converting BGR->GRAY
[CudaTags] gray: continuous=1 step=640
[CudaTags] gray stats min=0.000000 max=245.000000
[CudaTags] detected 1 tags
[CudaTags] frame 640x480 channels=3 type=16 stride=1920
[CudaTags] converting BGR->GRAY
[CudaTags] gray: continuous=1 step=640
[CudaTags] gray stats min=0.000000 max=251.000000
[CudaTags] detected 1 tags
[CudaTags] frame 640x480 channels=3 type=16 stride=1920
[CudaTags] converting BGR->GRAY
[CudaTags] gray: continuous=1 step=640
[CudaTags] gray stats min=0.000000 max=247.000000
[CudaTags] detected 1 tags
[CudaTags] frame 640x480 channels=3 type=16 stride=1920
[CudaTags] converting BGR->GRAY
[CudaTags] gray: continuous=1 step=640
[CudaTags] gray stats min=0.000000 max=250.000000
[CudaTags] detected 1 tags
[CudaTags] frame 640x480 channels=3 type=16 stride=1920
[CudaTags] converting BGR->GRAY
[CudaTags] gray: continuous=1 step=640
[CudaTags] gray stats min=0.000000 max=248.000000
[CudaTags] detected 1 tags
[CudaTags] frame 640x480 channels=3 type=16 stride=1920
[CudaTags] converting BGR->GRAY
[CudaTags] gray: continuous=1 step=640
[CudaTags] gray stats min=0.000000 max=249.000000
[CudaTags] detected 1 tags
[CudaTags] frame 640x480 channels=3 type=16 stride=1920
[CudaTags] converting BGR->GRAY
[CudaTags] gray: continuous=1 step=640
[CudaTags] gray stats min=0.000000 max=248.000000
[CudaTags] detected 1 tags
[CudaTags] frame 640x480 channels=3 type=16 stride=1920
[CudaTags] converting BGR->GRAY
[CudaTags] gray: continuous=1 step=640
[CudaTags] gray stats min=0.000000 max=250.000000
[CudaTags] detected 1 tags
[CudaTags] frame 640x480 channels=3 type=16 stride=1920
[CudaTags] converting BGR->GRAY
[CudaTags] gray: continuous=1 step=640
[CudaTags] gray stats min=0.000000 max=253.000000
[CudaTags] detected 1 tags
[CudaTags] frame 640x480 channels=3 type=16 stride=1920
[CudaTags] converting BGR->GRAY
[CudaTags] gray: continuous=1 step=640
[CudaTags] gray stats min=0.000000 max=253.000000
[CudaTags] detected 1 tags
[CudaTags] frame 640x480 channels=3 type=16 stride=1920
[CudaTags] converting BGR->GRAY
[CudaTags] gray: continuous=1 step=640
[CudaTags] gray stats min=0.000000 max=245.000000
[CudaTags] detected 1 tags
[CudaTags] frame 640x480 channels=3 type=16 stride=1920
[CudaTags] converting BGR->GRAY
[CudaTags] gray: continuous=1 step=640
[CudaTags] gray stats min=0.000000 max=248.000000
[CudaTags] detected 1 tags
[CudaTags] frame 640x480 channels=3 type=16 stride=1920
[CudaTags] converting BGR->GRAY
[CudaTags] gray: continuous=1 step=640
[CudaTags] gray stats min=0.000000 max=246.000000
[CudaTags] detected 1 tags
[CudaTags] frame 640x480 channels=3 type=16 stride=1920
[CudaTags] converting BGR->GRAY
[CudaTags] gray: continuous=1 step=640
[CudaTags] gray stats min=0.000000 max=253.000000
[CudaTags] detected 1 tags
[CudaTags] frame 640x480 channels=3 type=16 stride=1920
[CudaTags] converting BGR->GRAY
[CudaTags] gray: continuous=1 step=640
[CudaTags] gray stats min=0.000000 max=250.000000
[CudaTags] detected 1 tags
[CudaTags] frame 640x480 channels=3 type=16 stride=1920
[CudaTags] converting BGR->GRAY
[CudaTags] gray: continuous=1 step=640
[CudaTags] gray stats min=0.000000 max=246.000000
[CudaTags] detected 1 tags
[CudaTags] frame 640x480 channels=3 type=16 stride=1920
[CudaTags] converting BGR->GRAY
[CudaTags] gray: continuous=1 step=640
[CudaTags] gray stats min=0.000000 max=247.000000
[CudaTags] detected 1 tags
[CudaTags] frame 640x480 channels=3 type=16 stride=1920
[CudaTags] converting BGR->GRAY
[CudaTags] gray: continuous=1 step=640
[CudaTags] gray stats min=0.000000 max=246.000000
[CudaTags] detected 1 tags
[CudaTags] frame 640x480 channels=3 type=16 stride=1920
[CudaTags] converting BGR->GRAY
[CudaTags] gray: continuous=1 step=640
[CudaTags] gray stats min=0.000000 max=250.000000
[CudaTags] detected 1 tags
[CudaTags] frame 640x480 channels=3 type=16 stride=1920
[CudaTags] converting BGR->GRAY
[CudaTags] gray: continuous=1 step=640
[CudaTags] gray stats min=0.000000 max=250.000000
[CudaTags] detected 1 tags
[CudaTags] frame 640x480 channels=3 type=16 stride=1920
[CudaTags] converting BGR->GRAY
[CudaTags] gray: continuous=1 step=640
[CudaTags] gray stats min=0.000000 max=252.000000
[CudaTags] detected 1 tags
[CudaTags] frame 640x480 channels=3 type=16 stride=1920
[CudaTags] converting BGR->GRAY
[CudaTags] gray: continuous=1 step=640
[CudaTags] gray stats min=0.000000 max=246.000000
[CudaTags] detected 1 tags
[CudaTags] frame 640x480 channels=3 type=16 stride=1920
[CudaTags] converting BGR->GRAY
[CudaTags] gray: continuous=1 step=640
[CudaTags] gray stats min=0.000000 max=246.000000
[CudaTags] detected 1 tags
[CudaTags] frame 640x480 channels=3 type=16 stride=1920
[CudaTags] converting BGR->GRAY
[CudaTags] gray: continuous=1 step=640
[CudaTags] gray stats min=0.000000 max=254.000000
[CudaTags] detected 1 tags
[CudaTags] frame 640x480 channels=3 type=16 stride=1920
[CudaTags] converting BGR->GRAY
[CudaTags] gray: continuous=1 step=640
[CudaTags] gray stats min=0.000000 max=250.000000
[CudaTags] detected 1 tags
[CudaTags] frame 640x480 channels=3 type=16 stride=1920
[CudaTags] converting BGR->GRAY
[CudaTags] gray: continuous=1 step=640
[CudaTags] gray stats min=0.000000 max=250.000000
[CudaTags] detected 1 tags
[CudaTags] frame 640x480 channels=3 type=16 stride=1920
[CudaTags] converting BGR->GRAY
[CudaTags] gray: continuous=1 step=640
[CudaTags] gray stats min=0.000000 max=249.000000
[CudaTags] detected 1 tags
[CudaTags] frame 640x480 channels=3 type=16 stride=1920
[CudaTags] converting BGR->GRAY
[CudaTags] gray: continuous=1 step=640
[CudaTags] gray stats min=0.000000 max=248.000000
[CudaTags] detected 1 tags
[CudaTags] frame 640x480 channels=3 type=16 stride=1920
[CudaTags] converting BGR->GRAY
[CudaTags] gray: continuous=1 step=640
[CudaTags] gray stats min=0.000000 max=246.000000
[CudaTags] detected 1 tags
[CudaTags] frame 640x480 channels=3 type=16 stride=1920
[CudaTags] converting BGR->GRAY
[CudaTags] gray: continuous=1 step=640
[CudaTags] gray stats min=0.000000 max=245.000000
[CudaTags] detected 1 tags
[CudaTags] frame 640x480 channels=3 type=16 stride=1920
[CudaTags] converting BGR->GRAY
[CudaTags] gray: continuous=1 step=640
[CudaTags] gray stats min=0.000000 max=246.000000
[CudaTags] detected 1 tags
[CudaTags] frame 640x480 channels=3 type=16 stride=1920
[CudaTags] converting BGR->GRAY
[CudaTags] gray: continuous=1 step=640
[CudaTags] gray stats min=0.000000 max=246.000000
[CudaTags] detected 1 tags
[CudaTags] frame 640x480 channels=3 type=16 stride=1920
[CudaTags] converting BGR->GRAY
[CudaTags] gray: continuous=1 step=640
[CudaTags] gray stats min=0.000000 max=246.000000
[CudaTags] detected 1 tags
[CudaTags] frame 640x480 channels=3 type=16 stride=1920
[CudaTags] converting BGR->GRAY
[CudaTags] gray: continuous=1 step=640
[CudaTags] gray stats min=0.000000 max=254.000000
[CudaTags] detected 1 tags
[CudaTags] frame 640x480 channels=3 type=16 stride=1920
[CudaTags] converting BGR->GRAY
[CudaTags] gray: continuous=1 step=640
[CudaTags] gray stats min=0.000000 max=246.000000
[CudaTags] detected 1 tags
[CudaTags] frame 640x480 channels=3 type=16 stride=1920
[CudaTags] converting BGR->GRAY
[CudaTags] gray: continuous=1 step=640
[CudaTags] gray stats min=0.000000 max=243.000000
[CudaTags] detected 1 tags
[CudaTags] frame 640x480 channels=3 type=16 stride=1920
[CudaTags] converting BGR->GRAY
[CudaTags] gray: continuous=1 step=640
[CudaTags] gray stats min=0.000000 max=249.000000
[CudaTags] detected 1 tags
[CudaTags] frame 640x480 channels=3 type=16 stride=1920
[CudaTags] converting BGR->GRAY
[CudaTags] gray: continuous=1 step=640
[CudaTags] gray stats min=0.000000 max=245.000000
[CudaTags] detected 1 tags
[CudaTags] frame 640x480 channels=3 type=16 stride=1920
[CudaTags] converting BGR->GRAY
[CudaTags] gray: continuous=1 step=640
[CudaTags] gray stats min=0.000000 max=244.000000
[CudaTags] detected 1 tags
[CudaTags] frame 640x480 channels=3 type=16 stride=1920
[CudaTags] converting BGR->GRAY
[CudaTags] gray: continuous=1 step=640
[CudaTags] gray stats min=0.000000 max=248.000000
[CudaTags] detected 1 tags
[CudaTags] frame 640x480 channels=3 type=16 stride=1920
[CudaTags] converting BGR->GRAY
[CudaTags] gray: continuous=1 step=640
[CudaTags] gray stats min=0.000000 max=248.000000
[CudaTags] detected 1 tags
[CudaTags] frame 640x480 channels=3 type=16 stride=1920
[CudaTags] converting BGR->GRAY
[CudaTags] gray: continuous=1 step=640
[CudaTags] gray stats min=0.000000 max=251.000000
[CudaTags] detected 1 tags
[CudaTags] frame 640x480 channels=3 type=16 stride=1920
[CudaTags] converting BGR->GRAY
[CudaTags] gray: continuous=1 step=640
[CudaTags] gray stats min=0.000000 max=245.000000
[CudaTags] detected 1 tags
[CudaTags] frame 640x480 channels=3 type=16 stride=1920
[CudaTags] converting BGR->GRAY
[CudaTags] gray: continuous=1 step=640
[CudaTags] gray stats min=0.000000 max=248.000000
[CudaTags] detected 1 tags
[CudaTags] frame 640x480 channels=3 type=16 stride=1920
[CudaTags] converting BGR->GRAY
[CudaTags] gray: continuous=1 step=640
[CudaTags] gray stats min=0.000000 max=247.000000
[CudaTags] detected 1 tags
[CudaTags] frame 640x480 channels=3 type=16 stride=1920
[CudaTags] converting BGR->GRAY
[CudaTags] gray: continuous=1 step=640
[CudaTags] gray stats min=0.000000 max=245.000000
[CudaTags] detected 1 tags
[CudaTags] frame 640x480 channels=3 type=16 stride=1920
[CudaTags] converting BGR->GRAY
[CudaTags] gray: continuous=1 step=640
[CudaTags] gray stats min=0.000000 max=250.000000
[CudaTags] detected 1 tags
[CudaTags] frame 640x480 channels=3 type=16 stride=1920
[CudaTags] converting BGR->GRAY
[CudaTags] gray: continuous=1 step=640
[CudaTags] gray stats min=0.000000 max=247.000000
[CudaTags] detected 1 tags
[CudaTags] frame 640x480 channels=3 type=16 stride=1920
[CudaTags] converting BGR->GRAY
[CudaTags] gray: continuous=1 step=640
[CudaTags] gray stats min=0.000000 max=248.000000
[CudaTags] detected 1 tags
[CudaTags] frame 640x480 channels=3 type=16 stride=1920
[CudaTags] converting BGR->GRAY
[CudaTags] gray: continuous=1 step=640
[CudaTags] gray stats min=0.000000 max=246.000000
[CudaTags] detected 1 tags
[CudaTags] frame 640x480 channels=3 type=16 stride=1920
[CudaTags] converting BGR->GRAY
[CudaTags] gray: continuous=1 step=640
[CudaTags] gray stats min=0.000000 max=248.000000
[CudaTags] detected 1 tags
[CudaTags] frame 640x480 channels=3 type=16 stride=1920
[CudaTags] converting BGR->GRAY
[CudaTags] gray: continuous=1 step=640
[CudaTags] gray stats min=0.000000 max=247.000000
[CudaTags] detected 1 tags
[CudaTags] frame 640x480 channels=3 type=16 stride=1920
[CudaTags] converting BGR->GRAY
[CudaTags] gray: continuous=1 step=640
[CudaTags] gray stats min=0.000000 max=244.000000
[CudaTags] detected 1 tags
[CudaTags] frame 640x480 channels=3 type=16 stride=1920
[CudaTags] converting BGR->GRAY
[CudaTags] gray: continuous=1 step=640
[CudaTags] gray stats min=0.000000 max=253.000000
[CudaTags] detected 1 tags
[CudaTags] frame 640x480 channels=3 type=16 stride=1920
[CudaTags] converting BGR->GRAY
[CudaTags] gray: continuous=1 step=640
[CudaTags] gray stats min=0.000000 max=247.000000
[CudaTags] detected 1 tags
[CudaTags] frame 640x480 channels=3 type=16 stride=1920
[CudaTags] converting BGR->GRAY
[CudaTags] gray: continuous=1 step=640
[CudaTags] gray stats min=0.000000 max=246.000000
[CudaTags] detected 1 tags
[CudaTags] frame 640x480 channels=3 type=16 stride=1920
[CudaTags] converting BGR->GRAY
[CudaTags] gray: continuous=1 step=640
[CudaTags] gray stats min=0.000000 max=247.000000
[CudaTags] detected 1 tags
[CudaTags] frame 640x480 channels=3 type=16 stride=1920
[CudaTags] converting BGR->GRAY
[CudaTags] gray: continuous=1 step=640
[CudaTags] gray stats min=0.000000 max=250.000000
[CudaTags] detected 1 tags
[CudaTags] frame 640x480 channels=3 type=16 stride=1920
[CudaTags] converting BGR->GRAY
[CudaTags] gray: continuous=1 step=640
[CudaTags] gray stats min=0.000000 max=248.000000
[CudaTags] detected 1 tags
[CudaTags] frame 640x480 channels=3 type=16 stride=1920
[CudaTags] converting BGR->GRAY
[CudaTags] gray: continuous=1 step=640
[CudaTags] gray stats min=0.000000 max=246.000000
[CudaTags] detected 1 tags
[CudaTags] frame 640x480 channels=3 type=16 stride=1920
[CudaTags] converting BGR->GRAY
[CudaTags] gray: continuous=1 step=640
[CudaTags] gray stats min=0.000000 max=245.000000
[CudaTags] detected 1 tags
[CudaTags] frame 640x480 channels=3 type=16 stride=1920
[CudaTags] converting BGR->GRAY
[CudaTags] gray: continuous=1 step=640
[CudaTags] gray stats min=0.000000 max=251.000000
[CudaTags] detected 1 tags
[CudaTags] frame 640x480 channels=3 type=16 stride=1920
[CudaTags] converting BGR->GRAY
[CudaTags] gray: continuous=1 step=640
[CudaTags] gray stats min=0.000000 max=249.000000
[CudaTags] detected 1 tags
[CudaTags] frame 640x480 channels=3 type=16 stride=1920
[CudaTags] converting BGR->GRAY
[CudaTags] gray: continuous=1 step=640
[CudaTags] gray stats min=0.000000 max=253.000000
[CudaTags] detected 1 tags
[CudaTags] frame 640x480 channels=3 type=16 stride=1920
[CudaTags] converting BGR->GRAY
[CudaTags] gray: continuous=1 step=640
[CudaTags] gray stats min=0.000000 max=250.000000
[CudaTags] detected 1 tags
[CudaTags] frame 640x480 channels=3 type=16 stride=1920
[CudaTags] converting BGR->GRAY
[CudaTags] gray: continuous=1 step=640
[CudaTags] gray stats min=0.000000 max=249.000000
[CudaTags] detected 1 tags
[CudaTags] frame 640x480 channels=3 type=16 stride=1920
[CudaTags] converting BGR->GRAY
[CudaTags] gray: continuous=1 step=640
[CudaTags] gray stats min=0.000000 max=248.000000
[CudaTags] detected 1 tags
[CudaTags] frame 640x480 channels=3 type=16 stride=1920
[CudaTags] converting BGR->GRAY
[CudaTags] gray: continuous=1 step=640
[CudaTags] gray stats min=0.000000 max=245.000000
[CudaTags] detected 1 tags
[CudaTags] frame 640x480 channels=3 type=16 stride=1920
[CudaTags] converting BGR->GRAY
[CudaTags] gray: continuous=1 step=640
[CudaTags] gray stats min=0.000000 max=248.000000
[CudaTags] detected 1 tags
[CudaTags] frame 640x480 channels=3 type=16 stride=1920
[CudaTags] converting BGR->GRAY
[CudaTags] gray: continuous=1 step=640
[CudaTags] gray stats min=0.000000 max=246.000000
[CudaTags] detected 1 tags
[CudaTags] frame 640x480 channels=3 type=16 stride=1920
[CudaTags] converting BGR->GRAY
[CudaTags] gray: continuous=1 step=640
[CudaTags] gray stats min=0.000000 max=244.000000
[CudaTags] detected 1 tags
[CudaTags] frame 640x480 channels=3 type=16 stride=1920
[CudaTags] converting BGR->GRAY
[CudaTags] gray: continuous=1 step=640
[CudaTags] gray stats min=0.000000 max=246.000000
[CudaTags] detected 1 tags
[CudaTags] frame 640x480 channels=3 type=16 stride=1920
[CudaTags] converting BGR->GRAY
[CudaTags] gray: continuous=1 step=640
[CudaTags] gray stats min=0.000000 max=253.000000
[CudaTags] detected 1 tags
[CudaTags] frame 640x480 channels=3 type=16 stride=1920
[CudaTags] converting BGR->GRAY
[CudaTags] gray: continuous=1 step=640
[CudaTags] gray stats min=0.000000 max=246.000000
[CudaTags] detected 1 tags
[CudaTags] frame 640x480 channels=3 type=16 stride=1920
[CudaTags] converting BGR->GRAY
[CudaTags] gray: continuous=1 step=640
[CudaTags] gray stats min=0.000000 max=244.000000
[CudaTags] detected 1 tags
[CudaTags] frame 640x480 channels=3 type=16 stride=1920
[CudaTags] converting BGR->GRAY
[CudaTags] gray: continuous=1 step=640
[CudaTags] gray stats min=0.000000 max=246.000000
[CudaTags] detected 1 tags
[CudaTags] frame 640x480 channels=3 type=16 stride=1920
[CudaTags] converting BGR->GRAY
[CudaTags] gray: continuous=1 step=640
[CudaTags] gray stats min=0.000000 max=245.000000
[CudaTags] detected 1 tags
[CudaTags] frame 640x480 channels=3 type=16 stride=1920
[CudaTags] converting BGR->GRAY
[CudaTags] gray: continuous=1 step=640
[CudaTags] gray stats min=0.000000 max=245.000000
[CudaTags] detected 1 tags
[CudaTags] frame 640x480 channels=3 type=16 stride=1920
[CudaTags] converting BGR->GRAY
[CudaTags] gray: continuous=1 step=640
[CudaTags] gray stats min=0.000000 max=244.000000
[CudaTags] detected 1 tags
[CudaTags] frame 640x480 channels=3 type=16 stride=1920
[CudaTags] converting BGR->GRAY
[CudaTags] gray: continuous=1 step=640
[CudaTags] gray stats min=0.000000 max=245.000000
[CudaTags] detected 1 tags
[CudaTags] frame 640x480 channels=3 type=16 stride=1920
[CudaTags] converting BGR->GRAY
[CudaTags] gray: continuous=1 step=640
[CudaTags] gray stats min=0.000000 max=247.000000
[CudaTags] detected 1 tags
[CudaTags] frame 640x480 channels=3 type=16 stride=1920
[CudaTags] converting BGR->GRAY
[CudaTags] gray: continuous=1 step=640
[CudaTags] gray stats min=0.000000 max=244.000000
[CudaTags] detected 1 tags
[CudaTags] frame 640x480 channels=3 type=16 stride=1920
[CudaTags] converting BGR->GRAY
[CudaTags] gray: continuous=1 step=640
[CudaTags] gray stats min=0.000000 max=245.000000
[CudaTags] detected 1 tags
[CudaTags] frame 640x480 channels=3 type=16 stride=1920
[CudaTags] converting BGR->GRAY
[CudaTags] gray: continuous=1 step=640
[CudaTags] gray stats min=0.000000 max=245.000000
[CudaTags] detected 1 tags
[CudaTags] frame 640x480 channels=3 type=16 stride=1920
[CudaTags] converting BGR->GRAY
[CudaTags] gray: continuous=1 step=640
[CudaTags] gray stats min=0.000000 max=247.000000
[CudaTags] detected 1 tags
[CudaTags] frame 640x480 channels=3 type=16 stride=1920
[CudaTags] converting BGR->GRAY
[CudaTags] gray: continuous=1 step=640
[CudaTags] gray stats min=0.000000 max=246.000000
[CudaTags] detected 1 tags
[CudaTags] frame 640x480 channels=3 type=16 stride=1920
[CudaTags] converting BGR->GRAY
[CudaTags] gray: continuous=1 step=640
[CudaTags] gray stats min=0.000000 max=249.000000
[CudaTags] detected 1 tags
[CudaTags] frame 640x480 channels=3 type=16 stride=1920
[CudaTags] converting BGR->GRAY
[CudaTags] gray: continuous=1 step=640
[CudaTags] gray stats min=0.000000 max=243.000000
[CudaTags] detected 1 tags
[CudaTags] frame 640x480 channels=3 type=16 stride=1920
[CudaTags] converting BGR->GRAY
[CudaTags] gray: continuous=1 step=640
[CudaTags] gray stats min=0.000000 max=248.000000
[CudaTags] detected 1 tags
[CudaTags] frame 640x480 channels=3 type=16 stride=1920
[CudaTags] converting BGR->GRAY
[CudaTags] gray: continuous=1 step=640
[CudaTags] gray stats min=0.000000 max=247.000000
[CudaTags] detected 1 tags
[CudaTags] frame 640x480 channels=3 type=16 stride=1920
[CudaTags] converting BGR->GRAY
[CudaTags] gray: continuous=1 step=640
[CudaTags] gray stats min=0.000000 max=249.000000
[CudaTags] detected 1 tags
[CudaTags] frame 640x480 channels=3 type=16 stride=1920
[CudaTags] converting BGR->GRAY
[CudaTags] gray: continuous=1 step=640
[CudaTags] gray stats min=0.000000 max=245.000000
[CudaTags] detected 1 tags
[CudaTags] frame 640x480 channels=3 type=16 stride=1920
[CudaTags] converting BGR->GRAY
[CudaTags] gray: continuous=1 step=640
[CudaTags] gray stats min=0.000000 max=246.000000
[CudaTags] detected 1 tags
[CudaTags] frame 640x480 channels=3 type=16 stride=1920
[CudaTags] converting BGR->GRAY
[CudaTags] gray: continuous=1 step=640
[CudaTags] gray stats min=0.000000 max=243.000000
[CudaTags] detected 1 tags
[CudaTags] frame 640x480 channels=3 type=16 stride=1920
[CudaTags] converting BGR->GRAY
[CudaTags] gray: continuous=1 step=640
[CudaTags] gray stats min=0.000000 max=250.000000
[CudaTags] detected 1 tags
[CudaTags] frame 640x480 channels=3 type=16 stride=1920
[CudaTags] converting BGR->GRAY
[CudaTags] gray: continuous=1 step=640
[CudaTags] gray stats min=0.000000 max=247.000000
[CudaTags] detected 1 tags
[CudaTags] frame 640x480 channels=3 type=16 stride=1920
[CudaTags] converting BGR->GRAY
[CudaTags] gray: continuous=1 step=640
[CudaTags] gray stats min=0.000000 max=249.000000
[CudaTags] detected 1 tags
[CudaTags] frame 640x480 channels=3 type=16 stride=1920
[CudaTags] converting BGR->GRAY
[CudaTags] gray: continuous=1 step=640
[CudaTags] gray stats min=0.000000 max=247.000000
[CudaTags] detected 1 tags
[CudaTags] frame 640x480 channels=3 type=16 stride=1920
[CudaTags] converting BGR->GRAY
[CudaTags] gray: continuous=1 step=640
[CudaTags] gray stats min=0.000000 max=245.000000
[CudaTags] detected 1 tags
[CudaTags] frame 640x480 channels=3 type=16 stride=1920
[CudaTags] converting BGR->GRAY
[CudaTags] gray: continuous=1 step=640
[CudaTags] gray stats min=0.000000 max=244.000000
[CudaTags] detected 1 tags
[CudaTags] frame 640x480 channels=3 type=16 stride=1920
[CudaTags] converting BGR->GRAY
[CudaTags] gray: continuous=1 step=640
[CudaTags] gray stats min=0.000000 max=242.000000
[CudaTags] detected 1 tags
[CudaTags] frame 640x480 channels=3 type=16 stride=1920
[CudaTags] converting BGR->GRAY
[CudaTags] gray: continuous=1 step=640
[CudaTags] gray stats min=0.000000 max=239.000000
[CudaTags] detected 1 tags
[CudaTags] frame 640x480 channels=3 type=16 stride=1920
[CudaTags] converting BGR->GRAY
[CudaTags] gray: continuous=1 step=640
[CudaTags] gray stats min=0.000000 max=235.000000
[CudaTags] detected 1 tags
[CudaTags] frame 640x480 channels=3 type=16 stride=1920
[CudaTags] converting BGR->GRAY
[CudaTags] gray: continuous=1 step=640
[CudaTags] gray stats min=0.000000 max=236.000000
[CudaTags] detected 1 tags
[CudaTags] frame 640x480 channels=3 type=16 stride=1920
[CudaTags] converting BGR->GRAY
[CudaTags] gray: continuous=1 step=640
[CudaTags] gray stats min=0.000000 max=231.000000
[CudaTags] detected 1 tags
[CudaTags] frame 640x480 channels=3 type=16 stride=1920
[CudaTags] converting BGR->GRAY
[CudaTags] gray: continuous=1 step=640
[CudaTags] gray stats min=0.000000 max=230.000000
[CudaTags] detected 1 tags
[CudaTags] frame 640x480 channels=3 type=16 stride=1920
[CudaTags] converting BGR->GRAY
[CudaTags] gray: continuous=1 step=640
[CudaTags] gray stats min=0.000000 max=227.000000
[CudaTags] detected 1 tags
[CudaTags] frame 640x480 channels=3 type=16 stride=1920
[CudaTags] converting BGR->GRAY
[CudaTags] gray: continuous=1 step=640
[CudaTags] gray stats min=0.000000 max=228.000000
[CudaTags] detected 1 tags
[CudaTags] frame 640x480 channels=3 type=16 stride=1920
[CudaTags] converting BGR->GRAY
[CudaTags] gray: continuous=1 step=640
[CudaTags] gray stats min=0.000000 max=225.000000
[CudaTags] detected 1 tags
[CudaTags] frame 640x480 channels=3 type=16 stride=1920
[CudaTags] converting BGR->GRAY
[CudaTags] gray: continuous=1 step=640
[CudaTags] gray stats min=0.000000 max=226.000000
[CudaTags] detected 0 tags
[CudaTags] frame 640x480 channels=3 type=16 stride=1920
[CudaTags] converting BGR->GRAY
[CudaTags] gray: continuous=1 step=640
[CudaTags] gray stats min=0.000000 max=225.000000
[CudaTags] detected 0 tags
[CudaTags] frame 640x480 channels=3 type=16 stride=1920
[CudaTags] converting BGR->GRAY
[CudaTags] gray: continuous=1 step=640
[CudaTags] gray stats min=0.000000 max=229.000000
[CudaTags] detected 0 tags
[CudaTags] frame 640x480 channels=3 type=16 stride=1920
[CudaTags] converting BGR->GRAY
[CudaTags] gray: continuous=1 step=640
[CudaTags] gray stats min=0.000000 max=227.000000
[CudaTags] detected 0 tags
[CudaTags] frame 640x480 channels=3 type=16 stride=1920
[CudaTags] converting BGR->GRAY
[CudaTags] gray: continuous=1 step=640
[CudaTags] gray stats min=0.000000 max=239.000000
[CudaTags] detected 0 tags
[CudaTags] frame 640x480 channels=3 type=16 stride=1920
[CudaTags] converting BGR->GRAY
[CudaTags] gray: continuous=1 step=640
[CudaTags] gray stats min=0.000000 max=229.000000
[CudaTags] detected 0 tags
[CudaTags] frame 640x480 channels=3 type=16 stride=1920
[CudaTags] converting BGR->GRAY
[CudaTags] gray: continuous=1 step=640
[CudaTags] gray stats min=0.000000 max=229.000000
[CudaTags] detected 0 tags
[CudaTags] frame 640x480 channels=3 type=16 stride=1920
[CudaTags] converting BGR->GRAY
[CudaTags] gray: continuous=1 step=640
[CudaTags] gray stats min=0.000000 max=56.000000
[CudaTags] detected 0 tags
[CudaTags] frame 640x480 channels=3 type=16 stride=1920
[CudaTags] converting BGR->GRAY
[CudaTags] gray: continuous=1 step=640
[CudaTags] gray stats min=0.000000 max=58.000000
[CudaTags] detected 0 tags
[CudaTags] frame 640x480 channels=3 type=16 stride=1920
[CudaTags] converting BGR->GRAY
[CudaTags] gray: continuous=1 step=640
[CudaTags] gray stats min=0.000000 max=65.000000
[CudaTags] detected 0 tags
[CudaTags] frame 640x480 channels=3 type=16 stride=1920
[CudaTags] converting BGR->GRAY
[CudaTags] gray: continuous=1 step=640
[CudaTags] gray stats min=0.000000 max=72.000000
[CudaTags] detected 0 tags
[CudaTags] frame 640x480 channels=3 type=16 stride=1920
[CudaTags] converting BGR->GRAY
[CudaTags] gray: continuous=1 step=640
[CudaTags] gray stats min=0.000000 max=75.000000
[CudaTags] detected 0 tags
[CudaTags] frame 640x480 channels=3 type=16 stride=1920
[CudaTags] converting BGR->GRAY
[CudaTags] gray: continuous=1 step=640
[CudaTags] gray stats min=0.000000 max=69.000000
[CudaTags] detected 0 tags
[CudaTags] frame 640x480 channels=3 type=16 stride=1920
[CudaTags] converting BGR->GRAY
[CudaTags] gray: continuous=1 step=640
[CudaTags] gray stats min=0.000000 max=56.000000
[CudaTags] detected 0 tags
[CudaTags] frame 640x480 channels=3 type=16 stride=1920
[CudaTags] converting BGR->GRAY
[CudaTags] gray: continuous=1 step=640
[CudaTags] gray stats min=0.000000 max=26.000000
[CudaTags] detected 0 tags
[CudaTags] frame 640x480 channels=3 type=16 stride=1920
[CudaTags] converting BGR->GRAY
[CudaTags] gray: continuous=1 step=640
[CudaTags] gray stats min=1.000000 max=29.000000
[CudaTags] detected 0 tags
[CudaTags] frame 640x480 channels=3 type=16 stride=1920
[CudaTags] converting BGR->GRAY
[CudaTags] gray: continuous=1 step=640
[CudaTags] gray stats min=1.000000 max=96.000000
[CudaTags] detected 0 tags
[CudaTags] frame 640x480 channels=3 type=16 stride=1920
[CudaTags] converting BGR->GRAY
[CudaTags] gray: continuous=1 step=640
[CudaTags] gray stats min=3.000000 max=50.000000
[CudaTags] detected 0 tags
[CudaTags] frame 640x480 channels=3 type=16 stride=1920
[CudaTags] converting BGR->GRAY
[CudaTags] gray: continuous=1 step=640
[CudaTags] gray stats min=2.000000 max=69.000000
[CudaTags] detected 0 tags
[CudaTags] frame 640x480 channels=3 type=16 stride=1920
[CudaTags] converting BGR->GRAY
[CudaTags] gray: continuous=1 step=640
[CudaTags] gray stats min=4.000000 max=75.000000
[CudaTags] detected 0 tags
[CudaTags] frame 640x480 channels=3 type=16 stride=1920
[CudaTags] converting BGR->GRAY
[CudaTags] gray: continuous=1 step=640
[CudaTags] gray stats min=5.000000 max=98.000000
[CudaTags] detected 0 tags
[CudaTags] frame 640x480 channels=3 type=16 stride=1920
[CudaTags] converting BGR->GRAY
[CudaTags] gray: continuous=1 step=640
[CudaTags] gray stats min=6.000000 max=102.000000
[CudaTags] detected 0 tags
[CudaTags] frame 640x480 channels=3 type=16 stride=1920
[CudaTags] converting BGR->GRAY
[CudaTags] gray: continuous=1 step=640
[CudaTags] gray stats min=5.000000 max=124.000000
[CudaTags] detected 0 tags
[CudaTags] frame 640x480 channels=3 type=16 stride=1920
[CudaTags] converting BGR->GRAY
[CudaTags] gray: continuous=1 step=640
[CudaTags] gray stats min=7.000000 max=124.000000
[CudaTags] detected 0 tags
[CudaTags] frame 640x480 channels=3 type=16 stride=1920
[CudaTags] converting BGR->GRAY
[CudaTags] gray: continuous=1 step=640
[CudaTags] gray stats min=10.000000 max=140.000000
[CudaTags] detected 0 tags
[CudaTags] frame 640x480 channels=3 type=16 stride=1920
[CudaTags] converting BGR->GRAY
[CudaTags] gray: continuous=1 step=640
[CudaTags] gray stats min=12.000000 max=139.000000
[CudaTags] detected 0 tags
[CudaTags] frame 640x480 channels=3 type=16 stride=1920
[CudaTags] converting BGR->GRAY
[CudaTags] gray: continuous=1 step=640
[CudaTags] gray stats min=13.000000 max=143.000000
[CudaTags] detected 0 tags
[CudaTags] frame 640x480 channels=3 type=16 stride=1920
[CudaTags] converting BGR->GRAY
[CudaTags] gray: continuous=1 step=640
[CudaTags] gray stats min=12.000000 max=144.000000
[CudaTags] detected 0 tags
[CudaTags] frame 640x480 channels=3 type=16 stride=1920
[CudaTags] converting BGR->GRAY
[CudaTags] gray: continuous=1 step=640
[CudaTags] gray stats min=13.000000 max=145.000000
[CudaTags] detected 0 tags
[CudaTags] frame 640x480 channels=3 type=16 stride=1920
[CudaTags] converting BGR->GRAY
[CudaTags] gray: continuous=1 step=640
[CudaTags] gray stats min=13.000000 max=145.000000
[CudaTags] detected 0 tags
[CudaTags] frame 640x480 channels=3 type=16 stride=1920
[CudaTags] converting BGR->GRAY
[CudaTags] gray: continuous=1 step=640
[CudaTags] gray stats min=13.000000 max=146.000000
[CudaTags] detected 0 tags
[CudaTags] frame 640x480 channels=3 type=16 stride=1920
[CudaTags] converting BGR->GRAY
[CudaTags] gray: continuous=1 step=640
[CudaTags] gray stats min=14.000000 max=147.000000
[CudaTags] detected 0 tags
[CudaTags] frame 640x480 channels=3 type=16 stride=1920
[CudaTags] converting BGR->GRAY
[CudaTags] gray: continuous=1 step=640
[CudaTags] gray stats min=15.000000 max=148.000000
[CudaTags] detected 0 tags
[CudaTags] frame 640x480 channels=3 type=16 stride=1920
[CudaTags] converting BGR->GRAY
[CudaTags] gray: continuous=1 step=640
[CudaTags] gray stats min=14.000000 max=148.000000
[CudaTags] detected 0 tags
[CudaTags] frame 640x480 channels=3 type=16 stride=1920
[CudaTags] converting BGR->GRAY
[CudaTags] gray: continuous=1 step=640
[CudaTags] gray stats min=15.000000 max=149.000000
[CudaTags] detected 0 tags
[CudaTags] frame 640x480 channels=3 type=16 stride=1920
[CudaTags] converting BGR->GRAY
[CudaTags] gray: continuous=1 step=640
[CudaTags] gray stats min=16.000000 max=149.000000
[CudaTags] detected 0 tags
[CudaTags] frame 640x480 channels=3 type=16 stride=1920
[CudaTags] converting BGR->GRAY
[CudaTags] gray: continuous=1 step=640
[CudaTags] gray stats min=16.000000 max=149.000000
[CudaTags] detected 0 tags
[CudaTags] frame 640x480 channels=3 type=16 stride=1920
[CudaTags] converting BGR->GRAY
[CudaTags] gray: continuous=1 step=640
[CudaTags] gray stats min=12.000000 max=149.000000
[CudaTags] detected 0 tags
[CudaTags] frame 640x480 channels=3 type=16 stride=1920
[CudaTags] converting BGR->GRAY
[CudaTags] gray: continuous=1 step=640
[CudaTags] gray stats min=15.000000 max=149.000000
[CudaTags] detected 0 tags
[CudaTags] frame 640x480 channels=3 type=16 stride=1920
[CudaTags] converting BGR->GRAY
[CudaTags] gray: continuous=1 step=640
[CudaTags] gray stats min=15.000000 max=149.000000
[CudaTags] detected 0 tags
[CudaTags] frame 640x480 channels=3 type=16 stride=1920
[CudaTags] converting BGR->GRAY
[CudaTags] gray: continuous=1 step=640
[CudaTags] gray stats min=15.000000 max=149.000000
[CudaTags] detected 0 tags
[CudaTags] frame 640x480 channels=3 type=16 stride=1920
[CudaTags] converting BGR->GRAY
[CudaTags] gray: continuous=1 step=640
[CudaTags] gray stats min=16.000000 max=149.000000
[CudaTags] detected 0 tags
[CudaTags] frame 640x480 channels=3 type=16 stride=1920
[CudaTags] converting BGR->GRAY
[CudaTags] gray: continuous=1 step=640
[CudaTags] gray stats min=15.000000 max=149.000000
[CudaTags] detected 0 tags
[CudaTags] frame 640x480 channels=3 type=16 stride=1920
[CudaTags] converting BGR->GRAY
[CudaTags] gray: continuous=1 step=640
[CudaTags] gray stats min=16.000000 max=149.000000
[CudaTags] detected 0 tags
[CudaTags] frame 640x480 channels=3 type=16 stride=1920
[CudaTags] converting BGR->GRAY
[CudaTags] gray: continuous=1 step=640
[CudaTags] gray stats min=15.000000 max=149.000000
[CudaTags] detected 0 tags
[CudaTags] frame 640x480 channels=3 type=16 stride=1920
[CudaTags] converting BGR->GRAY
[CudaTags] gray: continuous=1 step=640
[CudaTags] gray stats min=15.000000 max=149.000000
[CudaTags] detected 0 tags
[CudaTags] frame 640x480 channels=3 type=16 stride=1920
[CudaTags] converting BGR->GRAY
[CudaTags] gray: continuous=1 step=640
[CudaTags] gray stats min=15.000000 max=149.000000
[CudaTags] detected 0 tags
[CudaTags] frame 640x480 channels=3 type=16 stride=1920
[CudaTags] converting BGR->GRAY
[CudaTags] gray: continuous=1 step=640
[CudaTags] gray stats min=15.000000 max=148.000000
[CudaTags] detected 0 tags
[CudaTags] frame 640x480 channels=3 type=16 stride=1920
[CudaTags] converting BGR->GRAY
[CudaTags] gray: continuous=1 step=640
[CudaTags] gray stats min=14.000000 max=148.000000
[CudaTags] detected 0 tags
[CudaTags] frame 640x480 channels=3 type=16 stride=1920
[CudaTags] converting BGR->GRAY
[CudaTags] gray: continuous=1 step=640
[CudaTags] gray stats min=15.000000 max=148.000000
[CudaTags] detected 0 tags
[CudaTags] frame 640x480 channels=3 type=16 stride=1920
[CudaTags] converting BGR->GRAY
[CudaTags] gray: continuous=1 step=640
[CudaTags] gray stats min=15.000000 max=148.000000
[CudaTags] detected 0 tags
[CudaTags] frame 640x480 channels=3 type=16 stride=1920
[CudaTags] converting BGR->GRAY
[CudaTags] gray: continuous=1 step=640
[CudaTags] gray stats min=15.000000 max=148.000000
[CudaTags] detected 0 tags
[CudaTags] frame 640x480 channels=3 type=16 stride=1920
[CudaTags] converting BGR->GRAY
[CudaTags] gray: continuous=1 step=640
[CudaTags] gray stats min=16.000000 max=148.000000
[CudaTags] detected 0 tags
[CudaTags] frame 640x480 channels=3 type=16 stride=1920
[CudaTags] converting BGR->GRAY
[CudaTags] gray: continuous=1 step=640
[CudaTags] gray stats min=15.000000 max=148.000000
[CudaTags] detected 0 tags
[CudaTags] frame 640x480 channels=3 type=16 stride=1920
[CudaTags] converting BGR->GRAY
[CudaTags] gray: continuous=1 step=640
[CudaTags] gray stats min=15.000000 max=148.000000
[CudaTags] detected 0 tags
[CudaTags] frame 640x480 channels=3 type=16 stride=1920
[CudaTags] converting BGR->GRAY
[CudaTags] gray: continuous=1 step=640
[CudaTags] gray stats min=15.000000 max=148.000000
[CudaTags] detected 0 tags
[CudaTags] frame 640x480 channels=3 type=16 stride=1920
[CudaTags] converting BGR->GRAY
[CudaTags] gray: continuous=1 step=640
[CudaTags] gray stats min=16.000000 max=148.000000
[CudaTags] detected 0 tags
[CudaTags] frame 640x480 channels=3 type=16 stride=1920
[CudaTags] converting BGR->GRAY
[CudaTags] gray: continuous=1 step=640
[CudaTags] gray stats min=15.000000 max=148.000000
[CudaTags] detected 0 tags
[CudaTags] frame 640x480 channels=3 type=16 stride=1920
[CudaTags] converting BGR->GRAY
[CudaTags] gray: continuous=1 step=640
[CudaTags] gray stats min=15.000000 max=148.000000
[CudaTags] detected 0 tags
[CudaTags] frame 640x480 channels=3 type=16 stride=1920
[CudaTags] converting BGR->GRAY
[CudaTags] gray: continuous=1 step=640
[CudaTags] gray stats min=15.000000 max=148.000000
[CudaTags] detected 0 tags
[CudaTags] frame 640x480 channels=3 type=16 stride=1920
[CudaTags] converting BGR->GRAY
[CudaTags] gray: continuous=1 step=640
[CudaTags] gray stats min=16.000000 max=148.000000
[CudaTags] detected 0 tags
[CudaTags] frame 640x480 channels=3 type=16 stride=1920
[CudaTags] converting BGR->GRAY
[CudaTags] gray: continuous=1 step=640
[CudaTags] gray stats min=14.000000 max=148.000000
[CudaTags] detected 0 tags
[CudaTags] frame 640x480 channels=3 type=16 stride=1920
[CudaTags] converting BGR->GRAY
[CudaTags] gray: continuous=1 step=640
[CudaTags] gray stats min=14.000000 max=148.000000
[CudaTags] detected 0 tags
[CudaTags] frame 640x480 channels=3 type=16 stride=1920
[CudaTags] converting BGR->GRAY
[CudaTags] gray: continuous=1 step=640
[CudaTags] gray stats min=16.000000 max=148.000000
[CudaTags] detected 0 tags
[CudaTags] frame 640x480 channels=3 type=16 stride=1920
[CudaTags] converting BGR->GRAY
[CudaTags] gray: continuous=1 step=640
[CudaTags] gray stats min=15.000000 max=148.000000
[CudaTags] detected 0 tags
[CudaTags] frame 640x480 channels=3 type=16 stride=1920
[CudaTags] converting BGR->GRAY
[CudaTags] gray: continuous=1 step=640
[CudaTags] gray stats min=16.000000 max=147.000000
[CudaTags] detected 0 tags
[CudaTags] frame 640x480 channels=3 type=16 stride=1920
[CudaTags] converting BGR->GRAY
[CudaTags] gray: continuous=1 step=640
[CudaTags] gray stats min=15.000000 max=148.000000
[CudaTags] detected 0 tags
[CudaTags] frame 640x480 channels=3 type=16 stride=1920
[CudaTags] converting BGR->GRAY
[CudaTags] gray: continuous=1 step=640
[CudaTags] gray stats min=14.000000 max=147.000000
[CudaTags] detected 0 tags
[CudaTags] frame 640x480 channels=3 type=16 stride=1920
[CudaTags] converting BGR->GRAY
[CudaTags] gray: continuous=1 step=640
[CudaTags] gray stats min=16.000000 max=145.000000
[CudaTags] detected 0 tags
[CudaTags] frame 640x480 channels=3 type=16 stride=1920
[CudaTags] converting BGR->GRAY
[CudaTags] gray: continuous=1 step=640
[CudaTags] gray stats min=16.000000 max=142.000000
[CudaTags] detected 0 tags
[CudaTags] frame 640x480 channels=3 type=16 stride=1920
[CudaTags] converting BGR->GRAY
[CudaTags] gray: continuous=1 step=640
[CudaTags] gray stats min=14.000000 max=140.000000
[CudaTags] detected 0 tags
[CudaTags] frame 640x480 channels=3 type=16 stride=1920
[CudaTags] converting BGR->GRAY
[CudaTags] gray: continuous=1 step=640
[CudaTags] gray stats min=15.000000 max=138.000000
[CudaTags] detected 0 tags
[CudaTags] frame 640x480 channels=3 type=16 stride=1920
[CudaTags] converting BGR->GRAY
[CudaTags] gray: continuous=1 step=640
[CudaTags] gray stats min=15.000000 max=137.000000
[CudaTags] detected 0 tags
[CudaTags] frame 640x480 channels=3 type=16 stride=1920
[CudaTags] converting BGR->GRAY
[CudaTags] gray: continuous=1 step=640
[CudaTags] gray stats min=15.000000 max=134.000000
[CudaTags] detected 0 tags
[CudaTags] frame 640x480 channels=3 type=16 stride=1920
[CudaTags] converting BGR->GRAY
[CudaTags] gray: continuous=1 step=640
[CudaTags] gray stats min=15.000000 max=133.000000
[CudaTags] detected 0 tags
[CudaTags] frame 640x480 channels=3 type=16 stride=1920
[CudaTags] converting BGR->GRAY
[CudaTags] gray: continuous=1 step=640
[CudaTags] gray stats min=18.000000 max=130.000000
[CudaTags] detected 0 tags
[CudaTags] frame 640x480 channels=3 type=16 stride=1920
[CudaTags] converting BGR->GRAY
[CudaTags] gray: continuous=1 step=640
[CudaTags] gray stats min=18.000000 max=129.000000
[CudaTags] detected 0 tags
[CudaTags] frame 640x480 channels=3 type=16 stride=1920
[CudaTags] converting BGR->GRAY
[CudaTags] gray: continuous=1 step=640
[CudaTags] gray stats min=18.000000 max=126.000000
[CudaTags] detected 0 tags
[CudaTags] frame 640x480 channels=3 type=16 stride=1920
[CudaTags] converting BGR->GRAY
[CudaTags] gray: continuous=1 step=640
[CudaTags] gray stats min=18.000000 max=123.000000
[CudaTags] detected 0 tags
[CudaTags] frame 640x480 channels=3 type=16 stride=1920
[CudaTags] converting BGR->GRAY
[CudaTags] gray: continuous=1 step=640
[CudaTags] gray stats min=20.000000 max=120.000000
[CudaTags] detected 0 tags
[CudaTags] frame 640x480 channels=3 type=16 stride=1920
[CudaTags] converting BGR->GRAY
[CudaTags] gray: continuous=1 step=640
[CudaTags] gray stats min=21.000000 max=118.000000
[CudaTags] detected 0 tags
[CudaTags] frame 640x480 channels=3 type=16 stride=1920
[CudaTags] converting BGR->GRAY
[CudaTags] gray: continuous=1 step=640
[CudaTags] gray stats min=24.000000 max=117.000000
[CudaTags] detected 0 tags
[CudaTags] frame 640x480 channels=3 type=16 stride=1920
[CudaTags] converting BGR->GRAY
[CudaTags] gray: continuous=1 step=640
[CudaTags] gray stats min=23.000000 max=117.000000
[CudaTags] detected 0 tags
[CudaTags] frame 640x480 channels=3 type=16 stride=1920
[CudaTags] converting BGR->GRAY
[CudaTags] gray: continuous=1 step=640
[CudaTags] gray stats min=33.000000 max=112.000000
[CudaTags] detected 0 tags
[CudaTags] frame 640x480 channels=3 type=16 stride=1920
[CudaTags] converting BGR->GRAY
[CudaTags] gray: continuous=1 step=640
[CudaTags] gray stats min=35.000000 max=120.000000
[CudaTags] detected 0 tags
[CudaTags] frame 640x480 channels=3 type=16 stride=1920
[CudaTags] converting BGR->GRAY
[CudaTags] gray: continuous=1 step=640
[CudaTags] gray stats min=39.000000 max=145.000000
[CudaTags] detected 0 tags
[CudaTags] frame 640x480 channels=3 type=16 stride=1920
[CudaTags] converting BGR->GRAY
[CudaTags] gray: continuous=1 step=640
[CudaTags] gray stats min=26.000000 max=208.000000
[CudaTags] detected 0 tags
[CudaTags] frame 640x480 channels=3 type=16 stride=1920
[CudaTags] converting BGR->GRAY
[CudaTags] gray: continuous=1 step=640
[CudaTags] gray stats min=32.000000 max=210.000000
[CudaTags] detected 0 tags
[CudaTags] frame 640x480 channels=3 type=16 stride=1920
[CudaTags] converting BGR->GRAY
[CudaTags] gray: continuous=1 step=640
[CudaTags] gray stats min=40.000000 max=206.000000
[CudaTags] detected 0 tags
[CudaTags] frame 640x480 channels=3 type=16 stride=1920
[CudaTags] converting BGR->GRAY
[CudaTags] gray: continuous=1 step=640
[CudaTags] gray stats min=55.000000 max=196.000000
[CudaTags] detected 0 tags
[CudaTags] frame 640x480 channels=3 type=16 stride=1920
[CudaTags] converting BGR->GRAY
[CudaTags] gray: continuous=1 step=640
[CudaTags] gray stats min=48.000000 max=250.000000
[CudaTags] detected 0 tags
[CudaTags] frame 640x480 channels=3 type=16 stride=1920
[CudaTags] converting BGR->GRAY
[CudaTags] gray: continuous=1 step=640
[CudaTags] gray stats min=61.000000 max=249.000000
[CudaTags] detected 0 tags
[CudaTags] frame 640x480 channels=3 type=16 stride=1920
[CudaTags] converting BGR->GRAY
[CudaTags] gray: continuous=1 step=640
[CudaTags] gray stats min=61.000000 max=251.000000
[CudaTags] detected 0 tags
[CudaTags] frame 640x480 channels=3 type=16 stride=1920
[CudaTags] converting BGR->GRAY
[CudaTags] gray: continuous=1 step=640
[CudaTags] gray stats min=52.000000 max=252.000000
[CudaTags] detected 0 tags
[CudaTags] frame 640x480 channels=3 type=16 stride=1920
[CudaTags] converting BGR->GRAY
[CudaTags] gray: continuous=1 step=640
[CudaTags] gray stats min=43.000000 max=250.000000
[CudaTags] detected 0 tags
[CudaTags] frame 640x480 channels=3 type=16 stride=1920
[CudaTags] converting BGR->GRAY
[CudaTags] gray: continuous=1 step=640
[CudaTags] gray stats min=37.000000 max=252.000000
[CudaTags] detected 0 tags
[CudaTags] frame 640x480 channels=3 type=16 stride=1920
[CudaTags] converting BGR->GRAY
[CudaTags] gray: continuous=1 step=640
[CudaTags] gray stats min=25.000000 max=252.000000
[CudaTags] detected 0 tags
[CudaTags] frame 640x480 channels=3 type=16 stride=1920
[CudaTags] converting BGR->GRAY
[CudaTags] gray: continuous=1 step=640
[CudaTags] gray stats min=9.000000 max=227.000000
[CudaTags] detected 0 tags
[CudaTags] frame 640x480 channels=3 type=16 stride=1920
[CudaTags] converting BGR->GRAY
[CudaTags] gray: continuous=1 step=640
[CudaTags] gray stats min=0.000000 max=223.000000
[CudaTags] detected 0 tags
[CudaTags] frame 640x480 channels=3 type=16 stride=1920
[CudaTags] converting BGR->GRAY
[CudaTags] gray: continuous=1 step=640
[CudaTags] gray stats min=0.000000 max=218.000000
[CudaTags] detected 0 tags
[CudaTags] frame 640x480 channels=3 type=16 stride=1920
[CudaTags] converting BGR->GRAY
[CudaTags] gray: continuous=1 step=640
[CudaTags] gray stats min=0.000000 max=214.000000
[CudaTags] detected 0 tags
[CudaTags] frame 640x480 channels=3 type=16 stride=1920
[CudaTags] converting BGR->GRAY
[CudaTags] gray: continuous=1 step=640
[CudaTags] gray stats min=0.000000 max=209.000000
[CudaTags] detected 0 tags
[CudaTags] frame 640x480 channels=3 type=16 stride=1920
[CudaTags] converting BGR->GRAY
[CudaTags] gray: continuous=1 step=640
[CudaTags] gray stats min=0.000000 max=208.000000
[CudaTags] detected 0 tags
[CudaTags] frame 640x480 channels=3 type=16 stride=1920
[CudaTags] converting BGR->GRAY
[CudaTags] gray: continuous=1 step=640
[CudaTags] gray stats min=2.000000 max=205.000000
[CudaTags] detected 0 tags
[CudaTags] frame 640x480 channels=3 type=16 stride=1920
[CudaTags] converting BGR->GRAY
[CudaTags] gray: continuous=1 step=640
[CudaTags] gray stats min=0.000000 max=201.000000
[CudaTags] detected 0 tags
[CudaTags] frame 640x480 channels=3 type=16 stride=1920
[CudaTags] converting BGR->GRAY
[CudaTags] gray: continuous=1 step=640
[CudaTags] gray stats min=2.000000 max=153.000000
[CudaTags] detected 0 tags
[CudaTags] frame 640x480 channels=3 type=16 stride=1920
[CudaTags] converting BGR->GRAY
[CudaTags] gray: continuous=1 step=640
[CudaTags] gray stats min=0.000000 max=117.000000
[CudaTags] detected 0 tags
[CudaTags] frame 640x480 channels=3 type=16 stride=1920
[CudaTags] converting BGR->GRAY
[CudaTags] gray: continuous=1 step=640
[CudaTags] gray stats min=0.000000 max=91.000000
[CudaTags] detected 0 tags
[CudaTags] frame 640x480 channels=3 type=16 stride=1920
[CudaTags] converting BGR->GRAY
[CudaTags] gray: continuous=1 step=640
[CudaTags] gray stats min=1.000000 max=113.000000
[CudaTags] detected 0 tags
[CudaTags] frame 640x480 channels=3 type=16 stride=1920
[CudaTags] converting BGR->GRAY
[CudaTags] gray: continuous=1 step=640
[CudaTags] gray stats min=6.000000 max=160.000000
[CudaTags] detected 0 tags
[CudaTags] frame 640x480 channels=3 type=16 stride=1920
[CudaTags] converting BGR->GRAY
[CudaTags] gray: continuous=1 step=640
[CudaTags] gray stats min=7.000000 max=200.000000
[CudaTags] detected 0 tags
[CudaTags] frame 640x480 channels=3 type=16 stride=1920
[CudaTags] converting BGR->GRAY
[CudaTags] gray: continuous=1 step=640
[CudaTags] gray stats min=14.000000 max=248.000000
[CudaTags] detected 0 tags
[CudaTags] frame 640x480 channels=3 type=16 stride=1920
[CudaTags] converting BGR->GRAY
[CudaTags] gray: continuous=1 step=640
[CudaTags] gray stats min=23.000000 max=250.000000
[CudaTags] detected 0 tags
[CudaTags] frame 640x480 channels=3 type=16 stride=1920
[CudaTags] converting BGR->GRAY
[CudaTags] gray: continuous=1 step=640
[CudaTags] gray stats min=47.000000 max=249.000000
[CudaTags] detected 0 tags
[CudaTags] frame 640x480 channels=3 type=16 stride=1920
[CudaTags] converting BGR->GRAY
[CudaTags] gray: continuous=1 step=640
[CudaTags] gray stats min=93.000000 max=248.000000
[CudaTags] detected 0 tags
[CudaTags] frame 640x480 channels=3 type=16 stride=1920
[CudaTags] converting BGR->GRAY
[CudaTags] gray: continuous=1 step=640
[CudaTags] gray stats min=104.000000 max=249.000000
[CudaTags] detected 0 tags
[CudaTags] frame 640x480 channels=3 type=16 stride=1920
[CudaTags] converting BGR->GRAY
[CudaTags] gray: continuous=1 step=640
[CudaTags] gray stats min=110.000000 max=249.000000
[CudaTags] detected 0 tags
[CudaTags] frame 640x480 channels=3 type=16 stride=1920
[CudaTags] converting BGR->GRAY
[CudaTags] gray: continuous=1 step=640
[CudaTags] gray stats min=111.000000 max=248.000000
[CudaTags] detected 0 tags
[CudaTags] frame 640x480 channels=3 type=16 stride=1920
[CudaTags] converting BGR->GRAY
[CudaTags] gray: continuous=1 step=640
[CudaTags] gray stats min=75.000000 max=251.000000
[CudaTags] detected 0 tags
[CudaTags] frame 640x480 channels=3 type=16 stride=1920
[CudaTags] converting BGR->GRAY
[CudaTags] gray: continuous=1 step=640
[CudaTags] gray stats min=74.000000 max=253.000000
[CudaTags] detected 0 tags
[CudaTags] frame 640x480 channels=3 type=16 stride=1920
[CudaTags] converting BGR->GRAY
[CudaTags] gray: continuous=1 step=640
[CudaTags] gray stats min=57.000000 max=254.000000
[CudaTags] detected 0 tags
[CudaTags] frame 640x480 channels=3 type=16 stride=1920
[CudaTags] converting BGR->GRAY
[CudaTags] gray: continuous=1 step=640
[CudaTags] gray stats min=47.000000 max=255.000000
[CudaTags] detected 0 tags
[CudaTags] frame 640x480 channels=3 type=16 stride=1920
[CudaTags] converting BGR->GRAY
[CudaTags] gray: continuous=1 step=640
[CudaTags] gray stats min=16.000000 max=254.000000
[CudaTags] detected 0 tags
[CudaTags] frame 640x480 channels=3 type=16 stride=1920
[CudaTags] converting BGR->GRAY
[CudaTags] gray: continuous=1 step=640
[CudaTags] gray stats min=18.000000 max=254.000000
[CudaTags] detected 0 tags
[CudaTags] frame 640x480 channels=3 type=16 stride=1920
[CudaTags] converting BGR->GRAY
[CudaTags] gray: continuous=1 step=640
[CudaTags] gray stats min=2.000000 max=254.000000
[CudaTags] detected 0 tags
[CudaTags] frame 640x480 channels=3 type=16 stride=1920
[CudaTags] converting BGR->GRAY
[CudaTags] gray: continuous=1 step=640
[CudaTags] gray stats min=1.000000 max=254.000000
[CudaTags] detected 0 tags
[CudaTags] frame 640x480 channels=3 type=16 stride=1920
[CudaTags] converting BGR->GRAY
[CudaTags] gray: continuous=1 step=640
[CudaTags] gray stats min=0.000000 max=253.000000
[CudaTags] detected 0 tags
[CudaTags] frame 640x480 channels=3 type=16 stride=1920
[CudaTags] converting BGR->GRAY
[CudaTags] gray: continuous=1 step=640
[CudaTags] gray stats min=0.000000 max=253.000000
[CudaTags] detected 0 tags
[CudaTags] frame 640x480 channels=3 type=16 stride=1920
[CudaTags] converting BGR->GRAY
[CudaTags] gray: continuous=1 step=640
[CudaTags] gray stats min=0.000000 max=253.000000
[CudaTags] detected 1 tags
[CudaTags] frame 640x480 channels=3 type=16 stride=1920
[CudaTags] converting BGR->GRAY
[CudaTags] gray: continuous=1 step=640
[CudaTags] gray stats min=0.000000 max=254.000000
[CudaTags] detected 1 tags
[CudaTags] frame 640x480 channels=3 type=16 stride=1920
[CudaTags] converting BGR->GRAY
[CudaTags] gray: continuous=1 step=640
[CudaTags] gray stats min=0.000000 max=253.000000
[CudaTags] detected 1 tags
[CudaTags] frame 640x480 channels=3 type=16 stride=1920
[CudaTags] converting BGR->GRAY
[CudaTags] gray: continuous=1 step=640
[CudaTags] gray stats min=0.000000 max=254.000000
[CudaTags] detected 1 tags
[CudaTags] frame 640x480 channels=3 type=16 stride=1920
[CudaTags] converting BGR->GRAY
[CudaTags] gray: continuous=1 step=640
[CudaTags] gray stats min=0.000000 max=252.000000
[CudaTags] detected 1 tags
[CudaTags] frame 640x480 channels=3 type=16 stride=1920
[CudaTags] converting BGR->GRAY
[CudaTags] gray: continuous=1 step=640
[CudaTags] gray stats min=0.000000 max=252.000000
[CudaTags] detected 1 tags
[CudaTags] frame 640x480 channels=3 type=16 stride=1920
[CudaTags] converting BGR->GRAY
[CudaTags] gray: continuous=1 step=640
[CudaTags] gray stats min=0.000000 max=251.000000
[CudaTags] detected 1 tags
[CudaTags] frame 640x480 channels=3 type=16 stride=1920
[CudaTags] converting BGR->GRAY
[CudaTags] gray: continuous=1 step=640
[CudaTags] gray stats min=0.000000 max=251.000000
[CudaTags] detected 1 tags
[CudaTags] frame 640x480 channels=3 type=16 stride=1920
[CudaTags] converting BGR->GRAY
[CudaTags] gray: continuous=1 step=640
[CudaTags] gray stats min=0.000000 max=245.000000
[CudaTags] detected 1 tags
[CudaTags] frame 640x480 channels=3 type=16 stride=1920
[CudaTags] converting BGR->GRAY
[CudaTags] gray: continuous=1 step=640
[CudaTags] gray stats min=0.000000 max=246.000000
[CudaTags] detected 1 tags
[CudaTags] frame 640x480 channels=3 type=16 stride=1920
[CudaTags] converting BGR->GRAY
[CudaTags] gray: continuous=1 step=640
[CudaTags] gray stats min=0.000000 max=246.000000
[CudaTags] detected 1 tags
[CudaTags] frame 640x480 channels=3 type=16 stride=1920
[CudaTags] converting BGR->GRAY
[CudaTags] gray: continuous=1 step=640
[CudaTags] gray stats min=0.000000 max=243.000000
[CudaTags] detected 1 tags
[CudaTags] frame 640x480 channels=3 type=16 stride=1920
[CudaTags] converting BGR->GRAY
[CudaTags] gray: continuous=1 step=640
[CudaTags] gray stats min=0.000000 max=242.000000
[CudaTags] detected 1 tags
[CudaTags] frame 640x480 channels=3 type=16 stride=1920
[CudaTags] converting BGR->GRAY
[CudaTags] gray: continuous=1 step=640
[CudaTags] gray stats min=0.000000 max=246.000000
[CudaTags] detected 1 tags
[CudaTags] frame 640x480 channels=3 type=16 stride=1920
[CudaTags] converting BGR->GRAY
[CudaTags] gray: continuous=1 step=640
[CudaTags] gray stats min=0.000000 max=243.000000
[CudaTags] detected 1 tags
[CudaTags] frame 640x480 channels=3 type=16 stride=1920
[CudaTags] converting BGR->GRAY
[CudaTags] gray: continuous=1 step=640
[CudaTags] gray stats min=0.000000 max=242.000000
[CudaTags] detected 1 tags
[CudaTags] frame 640x480 channels=3 type=16 stride=1920
[CudaTags] converting BGR->GRAY
[CudaTags] gray: continuous=1 step=640
[CudaTags] gray stats min=0.000000 max=239.000000
[CudaTags] detected 1 tags
[CudaTags] frame 640x480 channels=3 type=16 stride=1920
[CudaTags] converting BGR->GRAY
[CudaTags] gray: continuous=1 step=640
[CudaTags] gray stats min=0.000000 max=244.000000
[CudaTags] detected 1 tags
[CudaTags] frame 640x480 channels=3 type=16 stride=1920
[CudaTags] converting BGR->GRAY
[CudaTags] gray: continuous=1 step=640
[CudaTags] gray stats min=0.000000 max=244.000000
[CudaTags] detected 1 tags
[CudaTags] frame 640x480 channels=3 type=16 stride=1920
[CudaTags] converting BGR->GRAY
[CudaTags] gray: continuous=1 step=640
[CudaTags] gray stats min=0.000000 max=240.000000
[CudaTags] detected 1 tags
[CudaTags] frame 640x480 channels=3 type=16 stride=1920
[CudaTags] converting BGR->GRAY
[CudaTags] gray: continuous=1 step=640
[CudaTags] gray stats min=0.000000 max=240.000000
[CudaTags] detected 1 tags
[CudaTags] frame 640x480 channels=3 type=16 stride=1920
[CudaTags] converting BGR->GRAY
[CudaTags] gray: continuous=1 step=640
[CudaTags] gray stats min=0.000000 max=246.000000
[CudaTags] detected 1 tags
[CudaTags] frame 640x480 channels=3 type=16 stride=1920
[CudaTags] converting BGR->GRAY
[CudaTags] gray: continuous=1 step=640
[CudaTags] gray stats min=0.000000 max=248.000000
[CudaTags] detected 1 tags
[CudaTags] frame 640x480 channels=3 type=16 stride=1920
[CudaTags] converting BGR->GRAY
[CudaTags] gray: continuous=1 step=640
[CudaTags] gray stats min=0.000000 max=244.000000
[CudaTags] detected 1 tags
[CudaTags] frame 640x480 channels=3 type=16 stride=1920
[CudaTags] converting BGR->GRAY
[CudaTags] gray: continuous=1 step=640
[CudaTags] gray stats min=0.000000 max=248.000000
[CudaTags] detected 1 tags
[CudaTags] frame 640x480 channels=3 type=16 stride=1920
[CudaTags] converting BGR->GRAY
[CudaTags] gray: continuous=1 step=640
[CudaTags] gray stats min=0.000000 max=247.000000
[CudaTags] detected 1 tags
[CudaTags] frame 640x480 channels=3 type=16 stride=1920
[CudaTags] converting BGR->GRAY
[CudaTags] gray: continuous=1 step=640
[CudaTags] gray stats min=0.000000 max=243.000000
[CudaTags] detected 1 tags
[CudaTags] frame 640x480 channels=3 type=16 stride=1920
[CudaTags] converting BGR->GRAY
[CudaTags] gray: continuous=1 step=640
[CudaTags] gray stats min=0.000000 max=243.000000
[CudaTags] detected 1 tags
[CudaTags] frame 640x480 channels=3 type=16 stride=1920
[CudaTags] converting BGR->GRAY
[CudaTags] gray: continuous=1 step=640
[CudaTags] gray stats min=0.000000 max=246.000000
[CudaTags] detected 1 tags
[CudaTags] frame 640x480 channels=3 type=16 stride=1920
[CudaTags] converting BGR->GRAY
[CudaTags] gray: continuous=1 step=640
[CudaTags] gray stats min=0.000000 max=242.000000
[CudaTags] detected 1 tags
[CudaTags] frame 640x480 channels=3 type=16 stride=1920
[CudaTags] converting BGR->GRAY
[CudaTags] gray: continuous=1 step=640
[CudaTags] gray stats min=0.000000 max=245.000000
[CudaTags] detected 1 tags
[CudaTags] frame 640x480 channels=3 type=16 stride=1920
[CudaTags] converting BGR->GRAY
[CudaTags] gray: continuous=1 step=640
[CudaTags] gray stats min=0.000000 max=242.000000
[CudaTags] detected 1 tags
[CudaTags] frame 640x480 channels=3 type=16 stride=1920
[CudaTags] converting BGR->GRAY
[CudaTags] gray: continuous=1 step=640
[CudaTags] gray stats min=0.000000 max=248.000000
[CudaTags] detected 1 tags
[CudaTags] frame 640x480 channels=3 type=16 stride=1920
[CudaTags] converting BGR->GRAY
[CudaTags] gray: continuous=1 step=640
[CudaTags] gray stats min=0.000000 max=243.000000
[CudaTags] detected 1 tags
[CudaTags] frame 640x480 channels=3 type=16 stride=1920
[CudaTags] converting BGR->GRAY
[CudaTags] gray: continuous=1 step=640
[CudaTags] gray stats min=0.000000 max=241.000000
[CudaTags] detected 1 tags
[CudaTags] frame 640x480 channels=3 type=16 stride=1920
[CudaTags] converting BGR->GRAY
[CudaTags] gray: continuous=1 step=640
[CudaTags] gray stats min=0.000000 max=244.000000
[CudaTags] detected 1 tags
[CudaTags] frame 640x480 channels=3 type=16 stride=1920
[CudaTags] converting BGR->GRAY
[CudaTags] gray: continuous=1 step=640
[CudaTags] gray stats min=0.000000 max=241.000000
[CudaTags] detected 1 tags
[CudaTags] frame 640x480 channels=3 type=16 stride=1920
[CudaTags] converting BGR->GRAY
[CudaTags] gray: continuous=1 step=640
[CudaTags] gray stats min=0.000000 max=243.000000
[CudaTags] detected 1 tags
[CudaTags] frame 640x480 channels=3 type=16 stride=1920
[CudaTags] converting BGR->GRAY
[CudaTags] gray: continuous=1 step=640
[CudaTags] gray stats min=0.000000 max=241.000000
[CudaTags] detected 1 tags
[CudaTags] frame 640x480 channels=3 type=16 stride=1920
[CudaTags] converting BGR->GRAY
[CudaTags] gray: continuous=1 step=640
[CudaTags] gray stats min=0.000000 max=243.000000
[CudaTags] detected 1 tags
[CudaTags] frame 640x480 channels=3 type=16 stride=1920
[CudaTags] converting BGR->GRAY
[CudaTags] gray: continuous=1 step=640
[CudaTags] gray stats min=0.000000 max=240.000000
[CudaTags] detected 1 tags
[CudaTags] frame 640x480 channels=3 type=16 stride=1920
[CudaTags] converting BGR->GRAY
[CudaTags] gray: continuous=1 step=640
[CudaTags] gray stats min=0.000000 max=241.000000
[CudaTags] detected 1 tags
[CudaTags] frame 640x480 channels=3 type=16 stride=1920
[CudaTags] converting BGR->GRAY
[CudaTags] gray: continuous=1 step=640
[CudaTags] gray stats min=0.000000 max=249.000000
[CudaTags] detected 1 tags
[CudaTags] frame 640x480 channels=3 type=16 stride=1920
[CudaTags] converting BGR->GRAY
[CudaTags] gray: continuous=1 step=640
[CudaTags] gray stats min=0.000000 max=240.000000
[CudaTags] detected 1 tags
[CudaTags] frame 640x480 channels=3 type=16 stride=1920
[CudaTags] converting BGR->GRAY
[CudaTags] gray: continuous=1 step=640
[CudaTags] gray stats min=0.000000 max=239.000000
[CudaTags] detected 1 tags
[CudaTags] frame 640x480 channels=3 type=16 stride=1920
[CudaTags] converting BGR->GRAY
[CudaTags] gray: continuous=1 step=640
[CudaTags] gray stats min=0.000000 max=240.000000
[CudaTags] detected 1 tags
[CudaTags] frame 640x480 channels=3 type=16 stride=1920
[CudaTags] converting BGR->GRAY
[CudaTags] gray: continuous=1 step=640
[CudaTags] gray stats min=0.000000 max=245.000000
[CudaTags] detected 1 tags
[CudaTags] frame 640x480 channels=3 type=16 stride=1920
[CudaTags] converting BGR->GRAY
[CudaTags] gray: continuous=1 step=640
[CudaTags] gray stats min=0.000000 max=241.000000
[CudaTags] detected 1 tags
[CudaTags] frame 640x480 channels=3 type=16 stride=1920
[CudaTags] converting BGR->GRAY
[CudaTags] gray: continuous=1 step=640
[CudaTags] gray stats min=0.000000 max=241.000000
[CudaTags] detected 1 tags
[CudaTags] frame 640x480 channels=3 type=16 stride=1920
[CudaTags] converting BGR->GRAY
[CudaTags] gray: continuous=1 step=640
[CudaTags] gray stats min=0.000000 max=244.000000
[CudaTags] detected 1 tags
[CudaTags] frame 640x480 channels=3 type=16 stride=1920
[CudaTags] converting BGR->GRAY
[CudaTags] gray: continuous=1 step=640
[CudaTags] gray stats min=0.000000 max=243.000000
[CudaTags] detected 1 tags
[CudaTags] frame 640x480 channels=3 type=16 stride=1920
[CudaTags] converting BGR->GRAY
[CudaTags] gray: continuous=1 step=640
[CudaTags] gray stats min=0.000000 max=239.000000
[CudaTags] detected 1 tags
[CudaTags] frame 640x480 channels=3 type=16 stride=1920
[CudaTags] converting BGR->GRAY
[CudaTags] gray: continuous=1 step=640
[CudaTags] gray stats min=0.000000 max=231.000000
[CudaTags] detected 1 tags
[CudaTags] frame 640x480 channels=3 type=16 stride=1920
[CudaTags] converting BGR->GRAY
[CudaTags] gray: continuous=1 step=640
[CudaTags] gray stats min=0.000000 max=232.000000
[CudaTags] detected 1 tags
[CudaTags] frame 640x480 channels=3 type=16 stride=1920
[CudaTags] converting BGR->GRAY
[CudaTags] gray: continuous=1 step=640
[CudaTags] gray stats min=0.000000 max=237.000000
[CudaTags] detected 1 tags
[CudaTags] frame 640x480 channels=3 type=16 stride=1920
[CudaTags] converting BGR->GRAY
[CudaTags] gray: continuous=1 step=640
[CudaTags] gray stats min=0.000000 max=229.000000
[CudaTags] detected 1 tags
[CudaTags] frame 640x480 channels=3 type=16 stride=1920
[CudaTags] converting BGR->GRAY
[CudaTags] gray: continuous=1 step=640
[CudaTags] gray stats min=0.000000 max=229.000000
[CudaTags] detected 1 tags
[CudaTags] frame 640x480 channels=3 type=16 stride=1920
[CudaTags] converting BGR->GRAY
[CudaTags] gray: continuous=1 step=640
[CudaTags] gray stats min=0.000000 max=228.000000
[CudaTags] detected 1 tags
[CudaTags] frame 640x480 channels=3 type=16 stride=1920
[CudaTags] converting BGR->GRAY
[CudaTags] gray: continuous=1 step=640
[CudaTags] gray stats min=0.000000 max=226.000000
[CudaTags] detected 1 tags
[CudaTags] frame 640x480 channels=3 type=16 stride=1920
[CudaTags] converting BGR->GRAY
[CudaTags] gray: continuous=1 step=640
[CudaTags] gray stats min=0.000000 max=232.000000
[CudaTags] detected 1 tags
[CudaTags] frame 640x480 channels=3 type=16 stride=1920
[CudaTags] converting BGR->GRAY
[CudaTags] gray: continuous=1 step=640
[CudaTags] gray stats min=0.000000 max=231.000000
[CudaTags] detected 1 tags
[CudaTags] frame 640x480 channels=3 type=16 stride=1920
[CudaTags] converting BGR->GRAY
[CudaTags] gray: continuous=1 step=640
[CudaTags] gray stats min=0.000000 max=228.000000
[CudaTags] detected 1 tags
[CudaTags] frame 640x480 channels=3 type=16 stride=1920
[CudaTags] converting BGR->GRAY
[CudaTags] gray: continuous=1 step=640
[CudaTags] gray stats min=0.000000 max=229.000000
[CudaTags] detected 1 tags
[CudaTags] frame 640x480 channels=3 type=16 stride=1920
[CudaTags] converting BGR->GRAY
[CudaTags] gray: continuous=1 step=640
[CudaTags] gray stats min=0.000000 max=232.000000
[CudaTags] detected 1 tags
[CudaTags] frame 640x480 channels=3 type=16 stride=1920
[CudaTags] converting BGR->GRAY
[CudaTags] gray: continuous=1 step=640
[CudaTags] gray stats min=0.000000 max=232.000000
[CudaTags] detected 1 tags
[CudaTags] frame 640x480 channels=3 type=16 stride=1920
[CudaTags] converting BGR->GRAY
[CudaTags] gray: continuous=1 step=640
[CudaTags] gray stats min=0.000000 max=231.000000
[CudaTags] detected 1 tags
[CudaTags] frame 640x480 channels=3 type=16 stride=1920
[CudaTags] converting BGR->GRAY
[CudaTags] gray: continuous=1 step=640
[CudaTags] gray stats min=0.000000 max=231.000000
[CudaTags] detected 1 tags
[CudaTags] frame 640x480 channels=3 type=16 stride=1920
[CudaTags] converting BGR->GRAY
[CudaTags] gray: continuous=1 step=640
[CudaTags] gray stats min=0.000000 max=235.000000
[CudaTags] detected 1 tags
[CudaTags] frame 640x480 channels=3 type=16 stride=1920
[CudaTags] converting BGR->GRAY
[CudaTags] gray: continuous=1 step=640
[CudaTags] gray stats min=0.000000 max=232.000000
[CudaTags] detected 1 tags
[CudaTags] frame 640x480 channels=3 type=16 stride=1920
[CudaTags] converting BGR->GRAY
[CudaTags] gray: continuous=1 step=640
[CudaTags] gray stats min=0.000000 max=231.000000
[CudaTags] detected 1 tags
[CudaTags] frame 640x480 channels=3 type=16 stride=1920
[CudaTags] converting BGR->GRAY
[CudaTags] gray: continuous=1 step=640
[CudaTags] gray stats min=0.000000 max=232.000000
[CudaTags] detected 1 tags
[CudaTags] frame 640x480 channels=3 type=16 stride=1920
[CudaTags] converting BGR->GRAY
[CudaTags] gray: continuous=1 step=640
[CudaTags] gray stats min=0.000000 max=232.000000
[CudaTags] detected 1 tags
[CudaTags] frame 640x480 channels=3 type=16 stride=1920
[CudaTags] converting BGR->GRAY
[CudaTags] gray: continuous=1 step=640
[CudaTags] gray stats min=0.000000 max=229.000000
[CudaTags] detected 1 tags
[CudaTags] frame 640x480 channels=3 type=16 stride=1920
[CudaTags] converting BGR->GRAY
[CudaTags] gray: continuous=1 step=640
[CudaTags] gray stats min=0.000000 max=228.000000
[CudaTags] detected 1 tags
[CudaTags] frame 640x480 channels=3 type=16 stride=1920
[CudaTags] converting BGR->GRAY
[CudaTags] gray: continuous=1 step=640
[CudaTags] gray stats min=0.000000 max=229.000000
[CudaTags] detected 1 tags
[CudaTags] frame 640x480 channels=3 type=16 stride=1920
[CudaTags] converting BGR->GRAY
[CudaTags] gray: continuous=1 step=640
[CudaTags] gray stats min=0.000000 max=228.000000
[CudaTags] detected 1 tags
[CudaTags] frame 640x480 channels=3 type=16 stride=1920
[CudaTags] converting BGR->GRAY
[CudaTags] gray: continuous=1 step=640
[CudaTags] gray stats min=0.000000 max=224.000000
[CudaTags] detected 1 tags
[CudaTags] frame 640x480 channels=3 type=16 stride=1920
[CudaTags] converting BGR->GRAY
[CudaTags] gray: continuous=1 step=640
[CudaTags] gray stats min=0.000000 max=222.000000
[CudaTags] detected 1 tags
[CudaTags] frame 640x480 channels=3 type=16 stride=1920
[CudaTags] converting BGR->GRAY
[CudaTags] gray: continuous=1 step=640
[CudaTags] gray stats min=0.000000 max=225.000000
[CudaTags] detected 1 tags
[CudaTags] frame 640x480 channels=3 type=16 stride=1920
[CudaTags] converting BGR->GRAY
[CudaTags] gray: continuous=1 step=640
[CudaTags] gray stats min=0.000000 max=224.000000
[CudaTags] detected 1 tags
[CudaTags] frame 640x480 channels=3 type=16 stride=1920
[CudaTags] converting BGR->GRAY
[CudaTags] gray: continuous=1 step=640
[CudaTags] gray stats min=0.000000 max=218.000000
[CudaTags] detected 1 tags
[CudaTags] frame 640x480 channels=3 type=16 stride=1920
[CudaTags] converting BGR->GRAY
[CudaTags] gray: continuous=1 step=640
[CudaTags] gray stats min=0.000000 max=217.000000
[CudaTags] detected 1 tags
[CudaTags] frame 640x480 channels=3 type=16 stride=1920
[CudaTags] converting BGR->GRAY
[CudaTags] gray: continuous=1 step=640
[CudaTags] gray stats min=0.000000 max=221.000000
[CudaTags] detected 1 tags
[CudaTags] frame 640x480 channels=3 type=16 stride=1920
[CudaTags] converting BGR->GRAY
[CudaTags] gray: continuous=1 step=640
[CudaTags] gray stats min=0.000000 max=218.000000
[CudaTags] detected 1 tags
[CudaTags] frame 640x480 channels=3 type=16 stride=1920
[CudaTags] converting BGR->GRAY
[CudaTags] gray: continuous=1 step=640
[CudaTags] gray stats min=0.000000 max=220.000000
[CudaTags] detected 1 tags
[CudaTags] frame 640x480 channels=3 type=16 stride=1920
[CudaTags] converting BGR->GRAY
[CudaTags] gray: continuous=1 step=640
[CudaTags] gray stats min=0.000000 max=225.000000
[CudaTags] detected 1 tags
[CudaTags] frame 640x480 channels=3 type=16 stride=1920
[CudaTags] converting BGR->GRAY
[CudaTags] gray: continuous=1 step=640
[CudaTags] gray stats min=0.000000 max=237.000000
[CudaTags] detected 1 tags
[CudaTags] frame 640x480 channels=3 type=16 stride=1920
[CudaTags] converting BGR->GRAY
[CudaTags] gray: continuous=1 step=640
[CudaTags] gray stats min=0.000000 max=233.000000
[CudaTags] detected 1 tags
[CudaTags] frame 640x480 channels=3 type=16 stride=1920
[CudaTags] converting BGR->GRAY
[CudaTags] gray: continuous=1 step=640
[CudaTags] gray stats min=0.000000 max=231.000000
[CudaTags] detected 1 tags
[CudaTags] frame 640x480 channels=3 type=16 stride=1920
[CudaTags] converting BGR->GRAY
[CudaTags] gray: continuous=1 step=640
[CudaTags] gray stats min=0.000000 max=231.000000
[CudaTags] detected 1 tags
[CudaTags] frame 640x480 channels=3 type=16 stride=1920
[CudaTags] converting BGR->GRAY
[CudaTags] gray: continuous=1 step=640
[CudaTags] gray stats min=0.000000 max=233.000000
[CudaTags] detected 1 tags
[CudaTags] frame 640x480 channels=3 type=16 stride=1920
[CudaTags] converting BGR->GRAY
[CudaTags] gray: continuous=1 step=640
[CudaTags] gray stats min=0.000000 max=235.000000
[CudaTags] detected 1 tags
[CudaTags] frame 640x480 channels=3 type=16 stride=1920
[CudaTags] converting BGR->GRAY
[CudaTags] gray: continuous=1 step=640
[CudaTags] gray stats min=0.000000 max=232.000000
[CudaTags] detected 1 tags
[CudaTags] frame 640x480 channels=3 type=16 stride=1920
[CudaTags] converting BGR->GRAY
[CudaTags] gray: continuous=1 step=640
[CudaTags] gray stats min=0.000000 max=235.000000
[CudaTags] detected 1 tags
[CudaTags] frame 640x480 channels=3 type=16 stride=1920
[CudaTags] converting BGR->GRAY
[CudaTags] gray: continuous=1 step=640
[CudaTags] gray stats min=0.000000 max=235.000000
[CudaTags] detected 1 tags
[CudaTags] frame 640x480 channels=3 type=16 stride=1920
[CudaTags] converting BGR->GRAY
[CudaTags] gray: continuous=1 step=640
[CudaTags] gray stats min=0.000000 max=237.000000
[CudaTags] detected 1 tags
[CudaTags] frame 640x480 channels=3 type=16 stride=1920
[CudaTags] converting BGR->GRAY
[CudaTags] gray: continuous=1 step=640
[CudaTags] gray stats min=0.000000 max=232.000000
[CudaTags] detected 1 tags
[CudaTags] frame 640x480 channels=3 type=16 stride=1920
[CudaTags] converting BGR->GRAY
[CudaTags] gray: continuous=1 step=640
[CudaTags] gray stats min=0.000000 max=228.000000
[CudaTags] detected 1 tags
[CudaTags] frame 640x480 channels=3 type=16 stride=1920
[CudaTags] converting BGR->GRAY
[CudaTags] gray: continuous=1 step=640
[CudaTags] gray stats min=0.000000 max=230.000000
[CudaTags] detected 1 tags
[CudaTags] frame 640x480 channels=3 type=16 stride=1920
[CudaTags] converting BGR->GRAY
[CudaTags] gray: continuous=1 step=640
[CudaTags] gray stats min=0.000000 max=234.000000
[CudaTags] detected 1 tags
[CudaTags] frame 640x480 channels=3 type=16 stride=1920
[CudaTags] converting BGR->GRAY
[CudaTags] gray: continuous=1 step=640
[CudaTags] gray stats min=0.000000 max=235.000000
[CudaTags] detected 1 tags
[CudaTags] frame 640x480 channels=3 type=16 stride=1920
[CudaTags] converting BGR->GRAY
[CudaTags] gray: continuous=1 step=640
[CudaTags] gray stats min=0.000000 max=240.000000
[CudaTags] detected 1 tags
[CudaTags] frame 640x480 channels=3 type=16 stride=1920
[CudaTags] converting BGR->GRAY
[CudaTags] gray: continuous=1 step=640
[CudaTags] gray stats min=0.000000 max=234.000000
[CudaTags] detected 1 tags
[CudaTags] frame 640x480 channels=3 type=16 stride=1920
[CudaTags] converting BGR->GRAY
[CudaTags] gray: continuous=1 step=640
[CudaTags] gray stats min=0.000000 max=232.000000
[CudaTags] detected 1 tags
[CudaTags] frame 640x480 channels=3 type=16 stride=1920
[CudaTags] converting BGR->GRAY
[CudaTags] gray: continuous=1 step=640
[CudaTags] gray stats min=0.000000 max=235.000000
[CudaTags] detected 1 tags
[CudaTags] frame 640x480 channels=3 type=16 stride=1920
[CudaTags] converting BGR->GRAY
[CudaTags] gray: continuous=1 step=640
[CudaTags] gray stats min=0.000000 max=236.000000
[CudaTags] detected 1 tags
[CudaTags] frame 640x480 channels=3 type=16 stride=1920
[CudaTags] converting BGR->GRAY
[CudaTags] gray: continuous=1 step=640
[CudaTags] gray stats min=0.000000 max=241.000000
[CudaTags] detected 1 tags
[CudaTags] frame 640x480 channels=3 type=16 stride=1920
[CudaTags] converting BGR->GRAY
[CudaTags] gray: continuous=1 step=640
[CudaTags] gray stats min=0.000000 max=231.000000
[CudaTags] detected 1 tags
[CudaTags] frame 640x480 channels=3 type=16 stride=1920
[CudaTags] converting BGR->GRAY
[CudaTags] gray: continuous=1 step=640
[CudaTags] gray stats min=0.000000 max=238.000000
[CudaTags] detected 1 tags
[CudaTags] frame 640x480 channels=3 type=16 stride=1920
[CudaTags] converting BGR->GRAY
[CudaTags] gray: continuous=1 step=640
[CudaTags] gray stats min=0.000000 max=243.000000
[CudaTags] detected 1 tags
[CudaTags] frame 640x480 channels=3 type=16 stride=1920
[CudaTags] converting BGR->GRAY
[CudaTags] gray: continuous=1 step=640
[CudaTags] gray stats min=0.000000 max=236.000000
[CudaTags] detected 1 tags
[CudaTags] frame 640x480 channels=3 type=16 stride=1920
[CudaTags] converting BGR->GRAY
[CudaTags] gray: continuous=1 step=640
[CudaTags] gray stats min=0.000000 max=238.000000
[CudaTags] detected 1 tags
[CudaTags] frame 640x480 channels=3 type=16 stride=1920
[CudaTags] converting BGR->GRAY
[CudaTags] gray: continuous=1 step=640
[CudaTags] gray stats min=0.000000 max=239.000000
[CudaTags] detected 1 tags
[CudaTags] frame 640x480 channels=3 type=16 stride=1920
[CudaTags] converting BGR->GRAY
[CudaTags] gray: continuous=1 step=640
[CudaTags] gray stats min=0.000000 max=241.000000
[CudaTags] detected 1 tags
[CudaTags] frame 640x480 channels=3 type=16 stride=1920
[CudaTags] converting BGR->GRAY
[CudaTags] gray: continuous=1 step=640
[CudaTags] gray stats min=0.000000 max=231.000000
[CudaTags] detected 1 tags
[CudaTags] frame 640x480 channels=3 type=16 stride=1920
[CudaTags] converting BGR->GRAY
[CudaTags] gray: continuous=1 step=640
[CudaTags] gray stats min=0.000000 max=233.000000
[CudaTags] detected 1 tags
[CudaTags] frame 640x480 channels=3 type=16 stride=1920
[CudaTags] converting BGR->GRAY
[CudaTags] gray: continuous=1 step=640
[CudaTags] gray stats min=0.000000 max=239.000000
[CudaTags] detected 1 tags
[CudaTags] frame 640x480 channels=3 type=16 stride=1920
[CudaTags] converting BGR->GRAY
[CudaTags] gray: continuous=1 step=640
[CudaTags] gray stats min=0.000000 max=238.000000
[CudaTags] detected 1 tags
[CudaTags] frame 640x480 channels=3 type=16 stride=1920
[CudaTags] converting BGR->GRAY
[CudaTags] gray: continuous=1 step=640
[CudaTags] gray stats min=0.000000 max=236.000000
[CudaTags] detected 1 tags
[CudaTags] frame 640x480 channels=3 type=16 stride=1920
[CudaTags] converting BGR->GRAY
[CudaTags] gray: continuous=1 step=640
[CudaTags] gray stats min=0.000000 max=236.000000
[CudaTags] detected 1 tags
[CudaTags] frame 640x480 channels=3 type=16 stride=1920
[CudaTags] converting BGR->GRAY
[CudaTags] gray: continuous=1 step=640
[CudaTags] gray stats min=0.000000 max=236.000000
[CudaTags] detected 1 tags
[CudaTags] frame 640x480 channels=3 type=16 stride=1920
[CudaTags] converting BGR->GRAY
[CudaTags] gray: continuous=1 step=640
[CudaTags] gray stats min=0.000000 max=241.000000
[CudaTags] detected 1 tags
[CudaTags] frame 640x480 channels=3 type=16 stride=1920
[CudaTags] converting BGR->GRAY
[CudaTags] gray: continuous=1 step=640
[CudaTags] gray stats min=0.000000 max=238.000000
[CudaTags] detected 1 tags
[CudaTags] frame 640x480 channels=3 type=16 stride=1920
[CudaTags] converting BGR->GRAY
[CudaTags] gray: continuous=1 step=640
[CudaTags] gray stats min=0.000000 max=235.000000
[CudaTags] detected 1 tags
[CudaTags] frame 640x480 channels=3 type=16 stride=1920
[CudaTags] converting BGR->GRAY
[CudaTags] gray: continuous=1 step=640
[CudaTags] gray stats min=0.000000 max=237.000000
[CudaTags] detected 1 tags
[CudaTags] frame 640x480 channels=3 type=16 stride=1920
[CudaTags] converting BGR->GRAY
[CudaTags] gray: continuous=1 step=640
[CudaTags] gray stats min=0.000000 max=238.000000
[CudaTags] detected 1 tags
[CudaTags] frame 640x480 channels=3 type=16 stride=1920
[CudaTags] converting BGR->GRAY
[CudaTags] gray: continuous=1 step=640
[CudaTags] gray stats min=0.000000 max=244.000000
[CudaTags] detected 1 tags
[CudaTags] frame 640x480 channels=3 type=16 stride=1920
[CudaTags] converting BGR->GRAY
[CudaTags] gray: continuous=1 step=640
[CudaTags] gray stats min=0.000000 max=238.000000
[CudaTags] detected 1 tags
[CudaTags] frame 640x480 channels=3 type=16 stride=1920
[CudaTags] converting BGR->GRAY
[CudaTags] gray: continuous=1 step=640
[CudaTags] gray stats min=0.000000 max=237.000000
[CudaTags] detected 1 tags
[CudaTags] frame 640x480 channels=3 type=16 stride=1920
[CudaTags] converting BGR->GRAY
[CudaTags] gray: continuous=1 step=640
[CudaTags] gray stats min=0.000000 max=240.000000
[CudaTags] detected 1 tags
[CudaTags] frame 640x480 channels=3 type=16 stride=1920
[CudaTags] converting BGR->GRAY
[CudaTags] gray: continuous=1 step=640
[CudaTags] gray stats min=0.000000 max=238.000000
[CudaTags] detected 1 tags
[CudaTags] frame 640x480 channels=3 type=16 stride=1920
[CudaTags] converting BGR->GRAY
[CudaTags] gray: continuous=1 step=640
[CudaTags] gray stats min=0.000000 max=234.000000
[CudaTags] detected 1 tags
[CudaTags] frame 640x480 channels=3 type=16 stride=1920
[CudaTags] converting BGR->GRAY
[CudaTags] gray: continuous=1 step=640
[CudaTags] gray stats min=0.000000 max=237.000000
[CudaTags] detected 1 tags
[CudaTags] frame 640x480 channels=3 type=16 stride=1920
[CudaTags] converting BGR->GRAY
[CudaTags] gray: continuous=1 step=640
[CudaTags] gray stats min=0.000000 max=243.000000
[CudaTags] detected 1 tags
[CudaTags] frame 640x480 channels=3 type=16 stride=1920
[CudaTags] converting BGR->GRAY
[CudaTags] gray: continuous=1 step=640
[CudaTags] gray stats min=0.000000 max=244.000000
[CudaTags] detected 1 tags
[CudaTags] frame 640x480 channels=3 type=16 stride=1920
[CudaTags] converting BGR->GRAY
[CudaTags] gray: continuous=1 step=640
[CudaTags] gray stats min=0.000000 max=236.000000
[CudaTags] detected 1 tags
[CudaTags] frame 640x480 channels=3 type=16 stride=1920
[CudaTags] converting BGR->GRAY
[CudaTags] gray: continuous=1 step=640
[CudaTags] gray stats min=0.000000 max=237.000000
[CudaTags] detected 1 tags
[CudaTags] frame 640x480 channels=3 type=16 stride=1920
[CudaTags] converting BGR->GRAY
[CudaTags] gray: continuous=1 step=640
[CudaTags] gray stats min=0.000000 max=232.000000
[CudaTags] detected 1 tags
[CudaTags] frame 640x480 channels=3 type=16 stride=1920
[CudaTags] converting BGR->GRAY
[CudaTags] gray: continuous=1 step=640
[CudaTags] gray stats min=0.000000 max=232.000000
[CudaTags] detected 1 tags
[CudaTags] frame 640x480 channels=3 type=16 stride=1920
[CudaTags] converting BGR->GRAY
[CudaTags] gray: continuous=1 step=640
[CudaTags] gray stats min=0.000000 max=232.000000
[CudaTags] detected 1 tags
[CudaTags] frame 640x480 channels=3 type=16 stride=1920
[CudaTags] converting BGR->GRAY
[CudaTags] gray: continuous=1 step=640
[CudaTags] gray stats min=0.000000 max=243.000000
[CudaTags] detected 1 tags
[CudaTags] frame 640x480 channels=3 type=16 stride=1920
[CudaTags] converting BGR->GRAY
[CudaTags] gray: continuous=1 step=640
[CudaTags] gray stats min=0.000000 max=234.000000
[CudaTags] detected 1 tags
[CudaTags] frame 640x480 channels=3 type=16 stride=1920
[CudaTags] converting BGR->GRAY
[CudaTags] gray: continuous=1 step=640
[CudaTags] gray stats min=0.000000 max=231.000000
[CudaTags] detected 1 tags
[CudaTags] frame 640x480 channels=3 type=16 stride=1920
[CudaTags] converting BGR->GRAY
[CudaTags] gray: continuous=1 step=640
[CudaTags] gray stats min=0.000000 max=234.000000
[CudaTags] detected 1 tags
[CudaTags] frame 640x480 channels=3 type=16 stride=1920
[CudaTags] converting BGR->GRAY
[CudaTags] gray: continuous=1 step=640
[CudaTags] gray stats min=0.000000 max=235.000000
[CudaTags] detected 1 tags
[CudaTags] frame 640x480 channels=3 type=16 stride=1920
[CudaTags] converting BGR->GRAY
[CudaTags] gray: continuous=1 step=640
[CudaTags] gray stats min=0.000000 max=241.000000
[CudaTags] detected 1 tags
[CudaTags] frame 640x480 channels=3 type=16 stride=1920
[CudaTags] converting BGR->GRAY
[CudaTags] gray: continuous=1 step=640
[CudaTags] gray stats min=0.000000 max=242.000000
[CudaTags] detected 1 tags
[CudaTags] frame 640x480 channels=3 type=16 stride=1920
[CudaTags] converting BGR->GRAY
[CudaTags] gray: continuous=1 step=640
[CudaTags] gray stats min=0.000000 max=238.000000
[CudaTags] detected 1 tags
[CudaTags] frame 640x480 channels=3 type=16 stride=1920
[CudaTags] converting BGR->GRAY
[CudaTags] gray: continuous=1 step=640
[CudaTags] gray stats min=0.000000 max=238.000000
[CudaTags] detected 1 tags
[CudaTags] frame 640x480 channels=3 type=16 stride=1920
[CudaTags] converting BGR->GRAY
[CudaTags] gray: continuous=1 step=640
[CudaTags] gray stats min=0.000000 max=240.000000
[CudaTags] detected 1 tags
[CudaTags] frame 640x480 channels=3 type=16 stride=1920
[CudaTags] converting BGR->GRAY
[CudaTags] gray: continuous=1 step=640
[CudaTags] gray stats min=0.000000 max=236.000000
[CudaTags] detected 1 tags
[CudaTags] frame 640x480 channels=3 type=16 stride=1920
[CudaTags] converting BGR->GRAY
[CudaTags] gray: continuous=1 step=640
[CudaTags] gray stats min=0.000000 max=234.000000
[CudaTags] detected 1 tags
[CudaTags] frame 640x480 channels=3 type=16 stride=1920
[CudaTags] converting BGR->GRAY
[CudaTags] gray: continuous=1 step=640
[CudaTags] gray stats min=0.000000 max=227.000000
[CudaTags] detected 1 tags
[CudaTags] frame 640x480 channels=3 type=16 stride=1920
[CudaTags] converting BGR->GRAY
[CudaTags] gray: continuous=1 step=640
[CudaTags] gray stats min=0.000000 max=235.000000
[CudaTags] detected 1 tags
[CudaTags] frame 640x480 channels=3 type=16 stride=1920
[CudaTags] converting BGR->GRAY
[CudaTags] gray: continuous=1 step=640
[CudaTags] gray stats min=0.000000 max=233.000000
[CudaTags] detected 1 tags
[CudaTags] frame 640x480 channels=3 type=16 stride=1920
[CudaTags] converting BGR->GRAY
[CudaTags] gray: continuous=1 step=640
[CudaTags] gray stats min=0.000000 max=242.000000
[CudaTags] detected 1 tags
[CudaTags] frame 640x480 channels=3 type=16 stride=1920
[CudaTags] converting BGR->GRAY
[CudaTags] gray: continuous=1 step=640
[CudaTags] gray stats min=0.000000 max=249.000000
[CudaTags] detected 1 tags
[CudaTags] frame 640x480 channels=3 type=16 stride=1920
[CudaTags] converting BGR->GRAY
[CudaTags] gray: continuous=1 step=640
[CudaTags] gray stats min=0.000000 max=239.000000
[CudaTags] detected 1 tags
[CudaTags] frame 640x480 channels=3 type=16 stride=1920
[CudaTags] converting BGR->GRAY
[CudaTags] gray: continuous=1 step=640
[CudaTags] gray stats min=0.000000 max=239.000000
[CudaTags] detected 1 tags
[CudaTags] frame 640x480 channels=3 type=16 stride=1920
[CudaTags] converting BGR->GRAY
[CudaTags] gray: continuous=1 step=640
[CudaTags] gray stats min=0.000000 max=232.000000
[CudaTags] detected 1 tags
[CudaTags] frame 640x480 channels=3 type=16 stride=1920
[CudaTags] converting BGR->GRAY
[CudaTags] gray: continuous=1 step=640
[CudaTags] gray stats min=0.000000 max=232.000000
[CudaTags] detected 1 tags
[CudaTags] frame 640x480 channels=3 type=16 stride=1920
[CudaTags] converting BGR->GRAY
[CudaTags] gray: continuous=1 step=640
[CudaTags] gray stats min=0.000000 max=236.000000
[CudaTags] detected 1 tags
[CudaTags] frame 640x480 channels=3 type=16 stride=1920
[CudaTags] converting BGR->GRAY
[CudaTags] gray: continuous=1 step=640
[CudaTags] gray stats min=0.000000 max=249.000000
[CudaTags] detected 1 tags
[CudaTags] frame 640x480 channels=3 type=16 stride=1920
[CudaTags] converting BGR->GRAY
[CudaTags] gray: continuous=1 step=640
[CudaTags] gray stats min=0.000000 max=243.000000
[CudaTags] detected 1 tags
[CudaTags] frame 640x480 channels=3 type=16 stride=1920
[CudaTags] converting BGR->GRAY
[CudaTags] gray: continuous=1 step=640
[CudaTags] gray stats min=0.000000 max=235.000000
[CudaTags] detected 1 tags
[CudaTags] frame 640x480 channels=3 type=16 stride=1920
[CudaTags] converting BGR->GRAY
[CudaTags] gray: continuous=1 step=640
[CudaTags] gray stats min=0.000000 max=233.000000
[CudaTags] detected 1 tags
[CudaTags] frame 640x480 channels=3 type=16 stride=1920
[CudaTags] converting BGR->GRAY
[CudaTags] gray: continuous=1 step=640
[CudaTags] gray stats min=0.000000 max=231.000000
[CudaTags] detected 0 tags
[CudaTags] frame 640x480 channels=3 type=16 stride=1920
[CudaTags] converting BGR->GRAY
[CudaTags] gray: continuous=1 step=640
[CudaTags] gray stats min=0.000000 max=229.000000
[CudaTags] detected 0 tags
[CudaTags] frame 640x480 channels=3 type=16 stride=1920
[CudaTags] converting BGR->GRAY
[CudaTags] gray: continuous=1 step=640
[CudaTags] gray stats min=0.000000 max=234.000000
[CudaTags] detected 0 tags
[CudaTags] frame 640x480 channels=3 type=16 stride=1920
[CudaTags] converting BGR->GRAY
[CudaTags] gray: continuous=1 step=640
[CudaTags] gray stats min=0.000000 max=238.000000
[CudaTags] detected 0 tags
[CudaTags] frame 640x480 channels=3 type=16 stride=1920
[CudaTags] converting BGR->GRAY
[CudaTags] gray: continuous=1 step=640
[CudaTags] gray stats min=0.000000 max=233.000000
[CudaTags] detected 0 tags
[CudaTags] frame 640x480 channels=3 type=16 stride=1920
[CudaTags] converting BGR->GRAY
[CudaTags] gray: continuous=1 step=640
[CudaTags] gray stats min=0.000000 max=238.000000
[CudaTags] detected 0 tags
[CudaTags] frame 640x480 channels=3 type=16 stride=1920
[CudaTags] converting BGR->GRAY
[CudaTags] gray: continuous=1 step=640
[CudaTags] gray stats min=0.000000 max=238.000000
[CudaTags] detected 0 tags
[CudaTags] frame 640x480 channels=3 type=16 stride=1920
[CudaTags] converting BGR->GRAY
[CudaTags] gray: continuous=1 step=640
[CudaTags] gray stats min=0.000000 max=238.000000
[CudaTags] detected 0 tags
[CudaTags] frame 640x480 channels=3 type=16 stride=1920
[CudaTags] converting BGR->GRAY
[CudaTags] gray: continuous=1 step=640
[CudaTags] gray stats min=0.000000 max=237.000000
[CudaTags] detected 0 tags
[CudaTags] frame 640x480 channels=3 type=16 stride=1920
[CudaTags] converting BGR->GRAY
[CudaTags] gray: continuous=1 step=640
[CudaTags] gray stats min=0.000000 max=226.000000
[CudaTags] detected 0 tags
[CudaTags] frame 640x480 channels=3 type=16 stride=1920
[CudaTags] converting BGR->GRAY
[CudaTags] gray: continuous=1 step=640
[CudaTags] gray stats min=0.000000 max=223.000000
[CudaTags] detected 1 tags
[CudaTags] frame 640x480 channels=3 type=16 stride=1920
[CudaTags] converting BGR->GRAY
[CudaTags] gray: continuous=1 step=640
[CudaTags] gray stats min=0.000000 max=242.000000
[CudaTags] detected 1 tags
[CudaTags] frame 640x480 channels=3 type=16 stride=1920
[CudaTags] converting BGR->GRAY
[CudaTags] gray: continuous=1 step=640
[CudaTags] gray stats min=0.000000 max=238.000000
[CudaTags] detected 1 tags
[CudaTags] frame 640x480 channels=3 type=16 stride=1920
[CudaTags] converting BGR->GRAY
[CudaTags] gray: continuous=1 step=640
[CudaTags] gray stats min=0.000000 max=240.000000
[CudaTags] detected 1 tags
[CudaTags] frame 640x480 channels=3 type=16 stride=1920
[CudaTags] converting BGR->GRAY
[CudaTags] gray: continuous=1 step=640
[CudaTags] gray stats min=0.000000 max=242.000000
[CudaTags] detected 1 tags
[CudaTags] frame 640x480 channels=3 type=16 stride=1920
[CudaTags] converting BGR->GRAY
[CudaTags] gray: continuous=1 step=640
[CudaTags] gray stats min=0.000000 max=240.000000
[CudaTags] detected 1 tags
[CudaTags] frame 640x480 channels=3 type=16 stride=1920
[CudaTags] converting BGR->GRAY
[CudaTags] gray: continuous=1 step=640
[CudaTags] gray stats min=0.000000 max=242.000000
[CudaTags] detected 1 tags
[CudaTags] frame 640x480 channels=3 type=16 stride=1920
[CudaTags] converting BGR->GRAY
[CudaTags] gray: continuous=1 step=640
[CudaTags] gray stats min=0.000000 max=248.000000
[CudaTags] detected 1 tags
[CudaTags] frame 640x480 channels=3 type=16 stride=1920
[CudaTags] converting BGR->GRAY
[CudaTags] gray: continuous=1 step=640
[CudaTags] gray stats min=0.000000 max=253.000000
[CudaTags] detected 1 tags
[CudaTags] frame 640x480 channels=3 type=16 stride=1920
[CudaTags] converting BGR->GRAY
[CudaTags] gray: continuous=1 step=640
[CudaTags] gray stats min=0.000000 max=253.000000
[CudaTags] detected 1 tags
[CudaTags] frame 640x480 channels=3 type=16 stride=1920
[CudaTags] converting BGR->GRAY
[CudaTags] gray: continuous=1 step=640
[CudaTags] gray stats min=0.000000 max=251.000000
[CudaTags] detected 0 tags
[CudaTags] frame 640x480 channels=3 type=16 stride=1920
[CudaTags] converting BGR->GRAY
[CudaTags] gray: continuous=1 step=640
[CudaTags] gray stats min=0.000000 max=254.000000
[CudaTags] detected 0 tags
[CudaTags] frame 640x480 channels=3 type=16 stride=1920
[CudaTags] converting BGR->GRAY
[CudaTags] gray: continuous=1 step=640
[CudaTags] gray stats min=0.000000 max=254.000000
[CudaTags] detected 1 tags
[CudaTags] frame 640x480 channels=3 type=16 stride=1920
[CudaTags] converting BGR->GRAY
[CudaTags] gray: continuous=1 step=640
[CudaTags] gray stats min=0.000000 max=254.000000
[CudaTags] detected 1 tags
[CudaTags] frame 640x480 channels=3 type=16 stride=1920
[CudaTags] converting BGR->GRAY
[CudaTags] gray: continuous=1 step=640
[CudaTags] gray stats min=0.000000 max=251.000000
[CudaTags] detected 1 tags
[CudaTags] frame 640x480 channels=3 type=16 stride=1920
[CudaTags] converting BGR->GRAY
[CudaTags] gray: continuous=1 step=640
[CudaTags] gray stats min=0.000000 max=252.000000
[CudaTags] detected 1 tags
[CudaTags] frame 640x480 channels=3 type=16 stride=1920
[CudaTags] converting BGR->GRAY
[CudaTags] gray: continuous=1 step=640
[CudaTags] gray stats min=0.000000 max=250.000000
[CudaTags] detected 1 tags
[CudaTags] frame 640x480 channels=3 type=16 stride=1920
[CudaTags] converting BGR->GRAY
[CudaTags] gray: continuous=1 step=640
[CudaTags] gray stats min=0.000000 max=248.000000
[CudaTags] detected 1 tags
[CudaTags] frame 640x480 channels=3 type=16 stride=1920
[CudaTags] converting BGR->GRAY
[CudaTags] gray: continuous=1 step=640
[CudaTags] gray stats min=0.000000 max=246.000000
[CudaTags] detected 1 tags
[CudaTags] frame 640x480 channels=3 type=16 stride=1920
[CudaTags] converting BGR->GRAY
[CudaTags] gray: continuous=1 step=640
[CudaTags] gray stats min=0.000000 max=244.000000
[CudaTags] detected 1 tags
[CudaTags] frame 640x480 channels=3 type=16 stride=1920
[CudaTags] converting BGR->GRAY
[CudaTags] gray: continuous=1 step=640
[CudaTags] gray stats min=0.000000 max=241.000000
[CudaTags] detected 1 tags
[CudaTags] frame 640x480 channels=3 type=16 stride=1920
[CudaTags] converting BGR->GRAY
[CudaTags] gray: continuous=1 step=640
[CudaTags] gray stats min=0.000000 max=240.000000
[CudaTags] detected 1 tags
[CudaTags] frame 640x480 channels=3 type=16 stride=1920
[CudaTags] converting BGR->GRAY
[CudaTags] gray: continuous=1 step=640
[CudaTags] gray stats min=0.000000 max=237.000000
[CudaTags] detected 1 tags
[CudaTags] frame 640x480 channels=3 type=16 stride=1920
[CudaTags] converting BGR->GRAY
[CudaTags] gray: continuous=1 step=640
[CudaTags] gray stats min=0.000000 max=235.000000
[CudaTags] detected 1 tags
[CudaTags] frame 640x480 channels=3 type=16 stride=1920
[CudaTags] converting BGR->GRAY
[CudaTags] gray: continuous=1 step=640
[CudaTags] gray stats min=0.000000 max=241.000000
[CudaTags] detected 1 tags
[CudaTags] frame 640x480 channels=3 type=16 stride=1920
[CudaTags] converting BGR->GRAY
[CudaTags] gray: continuous=1 step=640
[CudaTags] gray stats min=0.000000 max=234.000000
[CudaTags] detected 1 tags
[CudaTags] frame 640x480 channels=3 type=16 stride=1920
[CudaTags] converting BGR->GRAY
[CudaTags] gray: continuous=1 step=640
[CudaTags] gray stats min=0.000000 max=233.000000
[CudaTags] detected 1 tags
[CudaTags] frame 640x480 channels=3 type=16 stride=1920
[CudaTags] converting BGR->GRAY
[CudaTags] gray: continuous=1 step=640
[CudaTags] gray stats min=0.000000 max=236.000000
[CudaTags] detected 1 tags
[CudaTags] frame 640x480 channels=3 type=16 stride=1920
[CudaTags] converting BGR->GRAY
[CudaTags] gray: continuous=1 step=640
[CudaTags] gray stats min=0.000000 max=239.000000
[CudaTags] detected 1 tags
[CudaTags] frame 640x480 channels=3 type=16 stride=1920
[CudaTags] converting BGR->GRAY
[CudaTags] gray: continuous=1 step=640
[CudaTags] gray stats min=0.000000 max=242.000000
[CudaTags] detected 1 tags
[CudaTags] frame 640x480 channels=3 type=16 stride=1920
[CudaTags] converting BGR->GRAY
[CudaTags] gray: continuous=1 step=640
[CudaTags] gray stats min=0.000000 max=239.000000
[CudaTags] detected 1 tags
[CudaTags] frame 640x480 channels=3 type=16 stride=1920
[CudaTags] converting BGR->GRAY
[CudaTags] gray: continuous=1 step=640
[CudaTags] gray stats min=0.000000 max=237.000000
[CudaTags] detected 1 tags
[CudaTags] frame 640x480 channels=3 type=16 stride=1920
[CudaTags] converting BGR->GRAY
[CudaTags] gray: continuous=1 step=640
[CudaTags] gray stats min=0.000000 max=237.000000
[CudaTags] detected 1 tags
[CudaTags] frame 640x480 channels=3 type=16 stride=1920
[CudaTags] converting BGR->GRAY
[CudaTags] gray: continuous=1 step=640
[CudaTags] gray stats min=0.000000 max=237.000000
[CudaTags] detected 1 tags
[CudaTags] frame 640x480 channels=3 type=16 stride=1920
[CudaTags] converting BGR->GRAY
[CudaTags] gray: continuous=1 step=640
[CudaTags] gray stats min=0.000000 max=237.000000
[CudaTags] detected 1 tags
[CudaTags] frame 640x480 channels=3 type=16 stride=1920
[CudaTags] converting BGR->GRAY
[CudaTags] gray: continuous=1 step=640
[CudaTags] gray stats min=0.000000 max=236.000000
[CudaTags] detected 1 tags
[CudaTags] frame 640x480 channels=3 type=16 stride=1920
[CudaTags] converting BGR->GRAY
[CudaTags] gray: continuous=1 step=640
[CudaTags] gray stats min=0.000000 max=235.000000
[CudaTags] detected 1 tags
[CudaTags] frame 640x480 channels=3 type=16 stride=1920
[CudaTags] converting BGR->GRAY
[CudaTags] gray: continuous=1 step=640
[CudaTags] gray stats min=0.000000 max=236.000000
[CudaTags] detected 1 tags
[CudaTags] frame 640x480 channels=3 type=16 stride=1920
[CudaTags] converting BGR->GRAY
[CudaTags] gray: continuous=1 step=640
[CudaTags] gray stats min=0.000000 max=243.000000
[CudaTags] detected 1 tags
[CudaTags] frame 640x480 channels=3 type=16 stride=1920
[CudaTags] converting BGR->GRAY
[CudaTags] gray: continuous=1 step=640
[CudaTags] gray stats min=0.000000 max=241.000000
[CudaTags] detected 1 tags
[CudaTags] frame 640x480 channels=3 type=16 stride=1920
[CudaTags] converting BGR->GRAY
[CudaTags] gray: continuous=1 step=640
[CudaTags] gray stats min=0.000000 max=234.000000
[CudaTags] detected 1 tags
[CudaTags] frame 640x480 channels=3 type=16 stride=1920
[CudaTags] converting BGR->GRAY
[CudaTags] gray: continuous=1 step=640
[CudaTags] gray stats min=0.000000 max=236.000000
[CudaTags] detected 1 tags
[CudaTags] frame 640x480 channels=3 type=16 stride=1920
[CudaTags] converting BGR->GRAY
[CudaTags] gray: continuous=1 step=640
[CudaTags] gray stats min=0.000000 max=238.000000
[CudaTags] detected 1 tags
[CudaTags] frame 640x480 channels=3 type=16 stride=1920
[CudaTags] converting BGR->GRAY
[CudaTags] gray: continuous=1 step=640
[CudaTags] gray stats min=0.000000 max=241.000000
[CudaTags] detected 1 tags
[CudaTags] frame 640x480 channels=3 type=16 stride=1920
[CudaTags] converting BGR->GRAY
[CudaTags] gray: continuous=1 step=640
[CudaTags] gray stats min=0.000000 max=250.000000
[CudaTags] detected 1 tags
[CudaTags] frame 640x480 channels=3 type=16 stride=1920
[CudaTags] converting BGR->GRAY
[CudaTags] gray: continuous=1 step=640
[CudaTags] gray stats min=0.000000 max=246.000000
[CudaTags] detected 1 tags
[CudaTags] frame 640x480 channels=3 type=16 stride=1920
[CudaTags] converting BGR->GRAY
[CudaTags] gray: continuous=1 step=640
[CudaTags] gray stats min=0.000000 max=236.000000
[CudaTags] detected 1 tags
[CudaTags] frame 640x480 channels=3 type=16 stride=1920
[CudaTags] converting BGR->GRAY
[CudaTags] gray: continuous=1 step=640
[CudaTags] gray stats min=0.000000 max=234.000000
[CudaTags] detected 1 tags
[CudaTags] frame 640x480 channels=3 type=16 stride=1920
[CudaTags] converting BGR->GRAY
[CudaTags] gray: continuous=1 step=640
[CudaTags] gray stats min=0.000000 max=232.000000
[CudaTags] detected 1 tags
[CudaTags] frame 640x480 channels=3 type=16 stride=1920
[CudaTags] converting BGR->GRAY
[CudaTags] gray: continuous=1 step=640
[CudaTags] gray stats min=0.000000 max=242.000000
[CudaTags] detected 1 tags
[CudaTags] frame 640x480 channels=3 type=16 stride=1920
[CudaTags] converting BGR->GRAY
[CudaTags] gray: continuous=1 step=640
[CudaTags] gray stats min=0.000000 max=233.000000
[CudaTags] detected 1 tags
[CudaTags] frame 640x480 channels=3 type=16 stride=1920
[CudaTags] converting BGR->GRAY
[CudaTags] gray: continuous=1 step=640
[CudaTags] gray stats min=0.000000 max=237.000000
[CudaTags] detected 1 tags
[CudaTags] frame 640x480 channels=3 type=16 stride=1920
[CudaTags] converting BGR->GRAY
[CudaTags] gray: continuous=1 step=640
[CudaTags] gray stats min=0.000000 max=248.000000
[CudaTags] detected 1 tags
[CudaTags] frame 640x480 channels=3 type=16 stride=1920
[CudaTags] converting BGR->GRAY
[CudaTags] gray: continuous=1 step=640
[CudaTags] gray stats min=0.000000 max=251.000000
[CudaTags] detected 1 tags
[CudaTags] frame 640x480 channels=3 type=16 stride=1920
[CudaTags] converting BGR->GRAY
[CudaTags] gray: continuous=1 step=640
[CudaTags] gray stats min=0.000000 max=252.000000
[CudaTags] detected 1 tags
[CudaTags] frame 640x480 channels=3 type=16 stride=1920
[CudaTags] converting BGR->GRAY
[CudaTags] gray: continuous=1 step=640
[CudaTags] gray stats min=0.000000 max=233.000000
[CudaTags] detected 1 tags
[CudaTags] frame 640x480 channels=3 type=16 stride=1920
[CudaTags] converting BGR->GRAY
[CudaTags] gray: continuous=1 step=640
[CudaTags] gray stats min=0.000000 max=247.000000
[CudaTags] detected 1 tags
[CudaTags] frame 640x480 channels=3 type=16 stride=1920
[CudaTags] converting BGR->GRAY
[CudaTags] gray: continuous=1 step=640
[CudaTags] gray stats min=0.000000 max=253.000000
[CudaTags] detected 1 tags
[CudaTags] frame 640x480 channels=3 type=16 stride=1920
[CudaTags] converting BGR->GRAY
[CudaTags] gray: continuous=1 step=640
[CudaTags] gray stats min=0.000000 max=250.000000
[CudaTags] detected 1 tags
[CudaTags] frame 640x480 channels=3 type=16 stride=1920
[CudaTags] converting BGR->GRAY
[CudaTags] gray: continuous=1 step=640
[CudaTags] gray stats min=0.000000 max=251.000000
[CudaTags] detected 1 tags
[CudaTags] frame 640x480 channels=3 type=16 stride=1920
[CudaTags] converting BGR->GRAY
[CudaTags] gray: continuous=1 step=640
[CudaTags] gray stats min=0.000000 max=253.000000
[CudaTags] detected 1 tags
[CudaTags] frame 640x480 channels=3 type=16 stride=1920
[CudaTags] converting BGR->GRAY
[CudaTags] gray: continuous=1 step=640
[CudaTags] gray stats min=0.000000 max=253.000000
[CudaTags] detected 1 tags
[CudaTags] frame 640x480 channels=3 type=16 stride=1920
[CudaTags] converting BGR->GRAY
[CudaTags] gray: continuous=1 step=640
[CudaTags] gray stats min=0.000000 max=253.000000
[CudaTags] detected 1 tags
[CudaTags] frame 640x480 channels=3 type=16 stride=1920
[CudaTags] converting BGR->GRAY
[CudaTags] gray: continuous=1 step=640
[CudaTags] gray stats min=0.000000 max=252.000000
[CudaTags] detected 1 tags
[CudaTags] frame 640x480 channels=3 type=16 stride=1920
[CudaTags] converting BGR->GRAY
[CudaTags] gray: continuous=1 step=640
[CudaTags] gray stats min=0.000000 max=252.000000
[CudaTags] detected 1 tags
[CudaTags] frame 640x480 channels=3 type=16 stride=1920
[CudaTags] converting BGR->GRAY
[CudaTags] gray: continuous=1 step=640
[CudaTags] gray stats min=0.000000 max=239.000000
[CudaTags] detected 1 tags
[CudaTags] frame 640x480 channels=3 type=16 stride=1920
[CudaTags] converting BGR->GRAY
[CudaTags] gray: continuous=1 step=640
[CudaTags] gray stats min=0.000000 max=235.000000
[CudaTags] detected 1 tags
[CudaTags] frame 640x480 channels=3 type=16 stride=1920
[CudaTags] converting BGR->GRAY
[CudaTags] gray: continuous=1 step=640
[CudaTags] gray stats min=0.000000 max=236.000000
[CudaTags] detected 1 tags
[CudaTags] frame 640x480 channels=3 type=16 stride=1920
[CudaTags] converting BGR->GRAY
[CudaTags] gray: continuous=1 step=640
[CudaTags] gray stats min=0.000000 max=230.000000
[CudaTags] detected 1 tags
[CudaTags] frame 640x480 channels=3 type=16 stride=1920
[CudaTags] converting BGR->GRAY
[CudaTags] gray: continuous=1 step=640
[CudaTags] gray stats min=0.000000 max=227.000000
[CudaTags] detected 0 tags
[CudaTags] frame 640x480 channels=3 type=16 stride=1920
[CudaTags] converting BGR->GRAY
[CudaTags] gray: continuous=1 step=640
[CudaTags] gray stats min=0.000000 max=224.000000
[CudaTags] detected 0 tags
[CudaTags] frame 640x480 channels=3 type=16 stride=1920
[CudaTags] converting BGR->GRAY
[CudaTags] gray: continuous=1 step=640
[CudaTags] gray stats min=0.000000 max=211.000000
[CudaTags] detected 0 tags
[CudaTags] frame 640x480 channels=3 type=16 stride=1920
[CudaTags] converting BGR->GRAY
[CudaTags] gray: continuous=1 step=640
[CudaTags] gray stats min=0.000000 max=197.000000
[CudaTags] detected 0 tags
[CudaTags] frame 640x480 channels=3 type=16 stride=1920
[CudaTags] converting BGR->GRAY
[CudaTags] gray: continuous=1 step=640
[CudaTags] gray stats min=0.000000 max=125.000000
[CudaTags] detected 0 tags
[CudaTags] frame 640x480 channels=3 type=16 stride=1920
[CudaTags] converting BGR->GRAY
[CudaTags] gray: continuous=1 step=640
[CudaTags] gray stats min=0.000000 max=11.000000
[CudaTags] detected 0 tags
[CudaTags] frame 640x480 channels=3 type=16 stride=1920
[CudaTags] converting BGR->GRAY
[CudaTags] gray: continuous=1 step=640
[CudaTags] gray stats min=0.000000 max=12.000000
[CudaTags] detected 0 tags
[CudaTags] frame 640x480 channels=3 type=16 stride=1920
[CudaTags] converting BGR->GRAY
[CudaTags] gray: continuous=1 step=640
[CudaTags] gray stats min=0.000000 max=11.000000
[CudaTags] detected 0 tags
[CudaTags] frame 640x480 channels=3 type=16 stride=1920
[CudaTags] converting BGR->GRAY
[CudaTags] gray: continuous=1 step=640
[CudaTags] gray stats min=0.000000 max=11.000000
[CudaTags] detected 0 tags
[CudaTags] frame 640x480 channels=3 type=16 stride=1920
[CudaTags] converting BGR->GRAY
[CudaTags] gray: continuous=1 step=640
[CudaTags] gray stats min=0.000000 max=12.000000
[CudaTags] detected 0 tags
[CudaTags] frame 640x480 channels=3 type=16 stride=1920
[CudaTags] converting BGR->GRAY
[CudaTags] gray: continuous=1 step=640
[CudaTags] gray stats min=0.000000 max=14.000000
[CudaTags] detected 0 tags
[CudaTags] frame 640x480 channels=3 type=16 stride=1920
[CudaTags] converting BGR->GRAY
[CudaTags] gray: continuous=1 step=640
[CudaTags] gray stats min=0.000000 max=14.000000
[CudaTags] detected 0 tags
[CudaTags] frame 640x480 channels=3 type=16 stride=1920
[CudaTags] converting BGR->GRAY
[CudaTags] gray: continuous=1 step=640
[CudaTags] gray stats min=0.000000 max=14.000000
[CudaTags] detected 0 tags
[CudaTags] frame 640x480 channels=3 type=16 stride=1920
[CudaTags] converting BGR->GRAY
[CudaTags] gray: continuous=1 step=640
[CudaTags] gray stats min=0.000000 max=13.000000
[CudaTags] detected 0 tags
[CudaTags] frame 640x480 channels=3 type=16 stride=1920
[CudaTags] converting BGR->GRAY
[CudaTags] gray: continuous=1 step=640
[CudaTags] gray stats min=0.000000 max=13.000000
[CudaTags] detected 0 tags
[CudaTags] frame 640x480 channels=3 type=16 stride=1920
[CudaTags] converting BGR->GRAY
[CudaTags] gray: continuous=1 step=640
[CudaTags] gray stats min=0.000000 max=13.000000
[CudaTags] detected 0 tags
[CudaTags] frame 640x480 channels=3 type=16 stride=1920
[CudaTags] converting BGR->GRAY
[CudaTags] gray: continuous=1 step=640
[CudaTags] gray stats min=0.000000 max=13.000000
[CudaTags] detected 0 tags
[CudaTags] frame 640x480 channels=3 type=16 stride=1920
[CudaTags] converting BGR->GRAY
[CudaTags] gray: continuous=1 step=640
[CudaTags] gray stats min=0.000000 max=14.000000
[CudaTags] detected 0 tags
[CudaTags] frame 640x480 channels=3 type=16 stride=1920
[CudaTags] converting BGR->GRAY
[CudaTags] gray: continuous=1 step=640
[CudaTags] gray stats min=0.000000 max=14.000000
[CudaTags] detected 0 tags
[CudaTags] frame 640x480 channels=3 type=16 stride=1920
[CudaTags] converting BGR->GRAY
[CudaTags] gray: continuous=1 step=640
[CudaTags] gray stats min=0.000000 max=13.000000
[CudaTags] detected 0 tags
[CudaTags] frame 640x480 channels=3 type=16 stride=1920
[CudaTags] converting BGR->GRAY
[CudaTags] gray: continuous=1 step=640
[CudaTags] gray stats min=0.000000 max=14.000000
[CudaTags] detected 0 tags
[CudaTags] frame 640x480 channels=3 type=16 stride=1920
[CudaTags] converting BGR->GRAY
[CudaTags] gray: continuous=1 step=640
[CudaTags] gray stats min=0.000000 max=19.000000
[CudaTags] detected 0 tags
[CudaTags] frame 640x480 channels=3 type=16 stride=1920
[CudaTags] converting BGR->GRAY
[CudaTags] gray: continuous=1 step=640
[CudaTags] gray stats min=0.000000 max=19.000000
[CudaTags] detected 0 tags
[CudaTags] frame 640x480 channels=3 type=16 stride=1920
[CudaTags] converting BGR->GRAY
[CudaTags] gray: continuous=1 step=640
[CudaTags] gray stats min=0.000000 max=19.000000
[CudaTags] detected 0 tags
[CudaTags] frame 640x480 channels=3 type=16 stride=1920
[CudaTags] converting BGR->GRAY
[CudaTags] gray: continuous=1 step=640
[CudaTags] gray stats min=0.000000 max=19.000000
[CudaTags] detected 0 tags
[CudaTags] frame 640x480 channels=3 type=16 stride=1920
[CudaTags] converting BGR->GRAY
[CudaTags] gray: continuous=1 step=640
[CudaTags] gray stats min=0.000000 max=21.000000
[CudaTags] detected 0 tags
[CudaTags] frame 640x480 channels=3 type=16 stride=1920
[CudaTags] converting BGR->GRAY
[CudaTags] gray: continuous=1 step=640
[CudaTags] gray stats min=0.000000 max=21.000000
[CudaTags] detected 0 tags
[CudaTags] frame 640x480 channels=3 type=16 stride=1920
[CudaTags] converting BGR->GRAY
[CudaTags] gray: continuous=1 step=640
[CudaTags] gray stats min=0.000000 max=21.000000
[CudaTags] detected 0 tags
[CudaTags] frame 640x480 channels=3 type=16 stride=1920
[CudaTags] converting BGR->GRAY
[CudaTags] gray: continuous=1 step=640
[CudaTags] gray stats min=0.000000 max=21.000000
[CudaTags] detected 0 tags
[CudaTags] frame 640x480 channels=3 type=16 stride=1920
[CudaTags] converting BGR->GRAY
[CudaTags] gray: continuous=1 step=640
[CudaTags] gray stats min=0.000000 max=21.000000
[CudaTags] detected 0 tags
[CudaTags] frame 640x480 channels=3 type=16 stride=1920
[CudaTags] converting BGR->GRAY
[CudaTags] gray: continuous=1 step=640
[CudaTags] gray stats min=0.000000 max=33.000000
[CudaTags] detected 0 tags
[CudaTags] frame 640x480 channels=3 type=16 stride=1920
[CudaTags] converting BGR->GRAY
[CudaTags] gray: continuous=1 step=640
[CudaTags] gray stats min=0.000000 max=4.000000
[CudaTags] detected 0 tags
[CudaTags] frame 640x480 channels=3 type=16 stride=1920
[CudaTags] converting BGR->GRAY
[CudaTags] gray: continuous=1 step=640
[CudaTags] gray stats min=1.000000 max=3.000000
[CudaTags] detected 0 tags
[CudaTags] frame 640x480 channels=3 type=16 stride=1920
[CudaTags] converting BGR->GRAY
[CudaTags] gray: continuous=1 step=640
[CudaTags] gray stats min=1.000000 max=14.000000
[CudaTags] detected 0 tags
[CudaTags] frame 640x480 channels=3 type=16 stride=1920
[CudaTags] converting BGR->GRAY
[CudaTags] gray: continuous=1 step=640
[CudaTags] gray stats min=1.000000 max=14.000000
[CudaTags] detected 0 tags
[CudaTags] frame 640x480 channels=3 type=16 stride=1920
[CudaTags] converting BGR->GRAY
[CudaTags] gray: continuous=1 step=640
[CudaTags] gray stats min=0.000000 max=23.000000
[CudaTags] detected 0 tags
[CudaTags] frame 640x480 channels=3 type=16 stride=1920
[CudaTags] converting BGR->GRAY
[CudaTags] gray: continuous=1 step=640
[CudaTags] gray stats min=1.000000 max=24.000000
[CudaTags] detected 0 tags
[CudaTags] frame 640x480 channels=3 type=16 stride=1920
[CudaTags] converting BGR->GRAY
[CudaTags] gray: continuous=1 step=640
[CudaTags] gray stats min=0.000000 max=33.000000
[CudaTags] detected 0 tags
[CudaTags] frame 640x480 channels=3 type=16 stride=1920
[CudaTags] converting BGR->GRAY
[CudaTags] gray: continuous=1 step=640
[CudaTags] gray stats min=0.000000 max=31.000000
[CudaTags] detected 0 tags
[CudaTags] frame 640x480 channels=3 type=16 stride=1920
[CudaTags] converting BGR->GRAY
[CudaTags] gray: continuous=1 step=640
[CudaTags] gray stats min=0.000000 max=48.000000
[CudaTags] detected 0 tags
[CudaTags] frame 640x480 channels=3 type=16 stride=1920
[CudaTags] converting BGR->GRAY
[CudaTags] gray: continuous=1 step=640
[CudaTags] gray stats min=0.000000 max=48.000000
[CudaTags] detected 0 tags
[CudaTags] frame 640x480 channels=3 type=16 stride=1920
[CudaTags] converting BGR->GRAY
[CudaTags] gray: continuous=1 step=640
[CudaTags] gray stats min=1.000000 max=51.000000
[CudaTags] detected 0 tags
[CudaTags] frame 640x480 channels=3 type=16 stride=1920
[CudaTags] converting BGR->GRAY
[CudaTags] gray: continuous=1 step=640
[CudaTags] gray stats min=1.000000 max=51.000000
[CudaTags] detected 0 tags
[CudaTags] frame 640x480 channels=3 type=16 stride=1920
[CudaTags] converting BGR->GRAY
[CudaTags] gray: continuous=1 step=640
[CudaTags] gray stats min=2.000000 max=52.000000
[CudaTags] detected 0 tags
[CudaTags] frame 640x480 channels=3 type=16 stride=1920
[CudaTags] converting BGR->GRAY
[CudaTags] gray: continuous=1 step=640
[CudaTags] gray stats min=2.000000 max=52.000000
[CudaTags] detected 0 tags
[CudaTags] frame 640x480 channels=3 type=16 stride=1920
[CudaTags] converting BGR->GRAY
[CudaTags] gray: continuous=1 step=640
[CudaTags] gray stats min=2.000000 max=55.000000
[CudaTags] detected 0 tags
[CudaTags] frame 640x480 channels=3 type=16 stride=1920
[CudaTags] converting BGR->GRAY
[CudaTags] gray: continuous=1 step=640
[CudaTags] gray stats min=2.000000 max=53.000000
[CudaTags] detected 0 tags
[CudaTags] frame 640x480 channels=3 type=16 stride=1920
[CudaTags] converting BGR->GRAY
[CudaTags] gray: continuous=1 step=640
[CudaTags] gray stats min=2.000000 max=53.000000
[CudaTags] detected 0 tags
[CudaTags] frame 640x480 channels=3 type=16 stride=1920
[CudaTags] converting BGR->GRAY
[CudaTags] gray: continuous=1 step=640
[CudaTags] gray stats min=2.000000 max=53.000000
[CudaTags] detected 0 tags
[CudaTags] frame 640x480 channels=3 type=16 stride=1920
[CudaTags] converting BGR->GRAY
[CudaTags] gray: continuous=1 step=640
[CudaTags] gray stats min=1.000000 max=54.000000
[CudaTags] detected 0 tags
[CudaTags] frame 640x480 channels=3 type=16 stride=1920
[CudaTags] converting BGR->GRAY
[CudaTags] gray: continuous=1 step=640
[CudaTags] gray stats min=2.000000 max=54.000000
[CudaTags] detected 0 tags
[CudaTags] frame 640x480 channels=3 type=16 stride=1920
[CudaTags] converting BGR->GRAY
[CudaTags] gray: continuous=1 step=640
[CudaTags] gray stats min=2.000000 max=53.000000
[CudaTags] detected 0 tags
[CudaTags] frame 640x480 channels=3 type=16 stride=1920
[CudaTags] converting BGR->GRAY
[CudaTags] gray: continuous=1 step=640
[CudaTags] gray stats min=2.000000 max=53.000000
[CudaTags] detected 0 tags
[CudaTags] frame 640x480 channels=3 type=16 stride=1920
[CudaTags] converting BGR->GRAY
[CudaTags] gray: continuous=1 step=640
[CudaTags] gray stats min=2.000000 max=52.000000
[CudaTags] detected 0 tags
[CudaTags] frame 640x480 channels=3 type=16 stride=1920
[CudaTags] converting BGR->GRAY
[CudaTags] gray: continuous=1 step=640
[CudaTags] gray stats min=2.000000 max=55.000000
[CudaTags] detected 0 tags
[CudaTags] frame 640x480 channels=3 type=16 stride=1920
[CudaTags] converting BGR->GRAY
[CudaTags] gray: continuous=1 step=640
[CudaTags] gray stats min=2.000000 max=55.000000
[CudaTags] detected 0 tags
[CudaTags] frame 640x480 channels=3 type=16 stride=1920
[CudaTags] converting BGR->GRAY
[CudaTags] gray: continuous=1 step=640
[CudaTags] gray stats min=2.000000 max=53.000000
[CudaTags] detected 0 tags
[CudaTags] frame 640x480 channels=3 type=16 stride=1920
[CudaTags] converting BGR->GRAY
[CudaTags] gray: continuous=1 step=640
[CudaTags] gray stats min=2.000000 max=53.000000
[CudaTags] detected 0 tags
[CudaTags] frame 640x480 channels=3 type=16 stride=1920
[CudaTags] converting BGR->GRAY
[CudaTags] gray: continuous=1 step=640
[CudaTags] gray stats min=2.000000 max=55.000000
[CudaTags] detected 0 tags
[CudaTags] frame 640x480 channels=3 type=16 stride=1920
[CudaTags] converting BGR->GRAY
[CudaTags] gray: continuous=1 step=640
[CudaTags] gray stats min=2.000000 max=55.000000
[CudaTags] detected 0 tags
[CudaTags] frame 640x480 channels=3 type=16 stride=1920
[CudaTags] converting BGR->GRAY
[CudaTags] gray: continuous=1 step=640
[CudaTags] gray stats min=2.000000 max=55.000000
[CudaTags] detected 0 tags
[CudaTags] frame 640x480 channels=3 type=16 stride=1920
[CudaTags] converting BGR->GRAY
[CudaTags] gray: continuous=1 step=640
[CudaTags] gray stats min=2.000000 max=52.000000
[CudaTags] detected 0 tags
[CudaTags] frame 640x480 channels=3 type=16 stride=1920
[CudaTags] converting BGR->GRAY
[CudaTags] gray: continuous=1 step=640
[CudaTags] gray stats min=2.000000 max=53.000000
[CudaTags] detected 0 tags
[CudaTags] frame 640x480 channels=3 type=16 stride=1920
[CudaTags] converting BGR->GRAY
[CudaTags] gray: continuous=1 step=640
[CudaTags] gray stats min=2.000000 max=52.000000
[CudaTags] detected 0 tags
[CudaTags] frame 640x480 channels=3 type=16 stride=1920
[CudaTags] converting BGR->GRAY
[CudaTags] gray: continuous=1 step=640
[CudaTags] gray stats min=2.000000 max=52.000000
[CudaTags] detected 0 tags
[CudaTags] frame 640x480 channels=3 type=16 stride=1920
[CudaTags] converting BGR->GRAY
[CudaTags] gray: continuous=1 step=640
[CudaTags] gray stats min=2.000000 max=52.000000
[CudaTags] detected 0 tags
[CudaTags] frame 640x480 channels=3 type=16 stride=1920
[CudaTags] converting BGR->GRAY
[CudaTags] gray: continuous=1 step=640
[CudaTags] gray stats min=2.000000 max=52.000000
[CudaTags] detected 0 tags
[CudaTags] frame 640x480 channels=3 type=16 stride=1920
[CudaTags] converting BGR->GRAY
[CudaTags] gray: continuous=1 step=640
[CudaTags] gray stats min=1.000000 max=54.000000
[CudaTags] detected 0 tags
[CudaTags] frame 640x480 channels=3 type=16 stride=1920
[CudaTags] converting BGR->GRAY
[CudaTags] gray: continuous=1 step=640
[CudaTags] gray stats min=2.000000 max=53.000000
[CudaTags] detected 0 tags
[CudaTags] frame 640x480 channels=3 type=16 stride=1920
[CudaTags] converting BGR->GRAY
[CudaTags] gray: continuous=1 step=640
[CudaTags] gray stats min=2.000000 max=52.000000
[CudaTags] detected 0 tags
[CudaTags] frame 640x480 channels=3 type=16 stride=1920
[CudaTags] converting BGR->GRAY
[CudaTags] gray: continuous=1 step=640
[CudaTags] gray stats min=2.000000 max=56.000000
[CudaTags] detected 0 tags
[CudaTags] frame 640x480 channels=3 type=16 stride=1920
[CudaTags] converting BGR->GRAY
[CudaTags] gray: continuous=1 step=640
[CudaTags] gray stats min=2.000000 max=62.000000
[CudaTags] detected 0 tags
[CudaTags] frame 640x480 channels=3 type=16 stride=1920
[CudaTags] converting BGR->GRAY
[CudaTags] gray: continuous=1 step=640
[CudaTags] gray stats min=2.000000 max=73.000000
[CudaTags] detected 0 tags
[CudaTags] frame 640x480 channels=3 type=16 stride=1920
[CudaTags] converting BGR->GRAY
[CudaTags] gray: continuous=1 step=640
[CudaTags] gray stats min=1.000000 max=70.000000
[CudaTags] detected 0 tags
[CudaTags] frame 640x480 channels=3 type=16 stride=1920
[CudaTags] converting BGR->GRAY
[CudaTags] gray: continuous=1 step=640
[CudaTags] gray stats min=2.000000 max=73.000000
[CudaTags] detected 0 tags
[CudaTags] frame 640x480 channels=3 type=16 stride=1920
[CudaTags] converting BGR->GRAY
[CudaTags] gray: continuous=1 step=640
[CudaTags] gray stats min=2.000000 max=74.000000
[CudaTags] detected 0 tags
[CudaTags] frame 640x480 channels=3 type=16 stride=1920
[CudaTags] converting BGR->GRAY
[CudaTags] gray: continuous=1 step=640
[CudaTags] gray stats min=1.000000 max=75.000000
[CudaTags] detected 0 tags
[CudaTags] frame 640x480 channels=3 type=16 stride=1920
[CudaTags] converting BGR->GRAY
[CudaTags] gray: continuous=1 step=640
[CudaTags] gray stats min=2.000000 max=76.000000
[CudaTags] detected 0 tags
[CudaTags] frame 640x480 channels=3 type=16 stride=1920
[CudaTags] converting BGR->GRAY
[CudaTags] gray: continuous=1 step=640
[CudaTags] gray stats min=3.000000 max=76.000000
[CudaTags] detected 0 tags
[CudaTags] frame 640x480 channels=3 type=16 stride=1920
[CudaTags] converting BGR->GRAY
[CudaTags] gray: continuous=1 step=640
[CudaTags] gray stats min=2.000000 max=74.000000
[CudaTags] detected 0 tags
[CudaTags] frame 640x480 channels=3 type=16 stride=1920
[CudaTags] converting BGR->GRAY
[CudaTags] gray: continuous=1 step=640
[CudaTags] gray stats min=2.000000 max=76.000000
[CudaTags] detected 0 tags
[CudaTags] frame 640x480 channels=3 type=16 stride=1920
[CudaTags] converting BGR->GRAY
[CudaTags] gray: continuous=1 step=640
[CudaTags] gray stats min=2.000000 max=79.000000
[CudaTags] detected 0 tags
[CudaTags] frame 640x480 channels=3 type=16 stride=1920
[CudaTags] converting BGR->GRAY
[CudaTags] gray: continuous=1 step=640
[CudaTags] gray stats min=1.000000 max=82.000000
[CudaTags] detected 0 tags
[CudaTags] frame 640x480 channels=3 type=16 stride=1920
[CudaTags] converting BGR->GRAY
[CudaTags] gray: continuous=1 step=640
[CudaTags] gray stats min=3.000000 max=88.000000
[CudaTags] detected 0 tags
[CudaTags] frame 640x480 channels=3 type=16 stride=1920
[CudaTags] converting BGR->GRAY
[CudaTags] gray: continuous=1 step=640
[CudaTags] gray stats min=1.000000 max=93.000000
[CudaTags] detected 0 tags
[CudaTags] frame 640x480 channels=3 type=16 stride=1920
[CudaTags] converting BGR->GRAY
[CudaTags] gray: continuous=1 step=640
[CudaTags] gray stats min=3.000000 max=95.000000
[CudaTags] detected 0 tags
[CudaTags] frame 640x480 channels=3 type=16 stride=1920
[CudaTags] converting BGR->GRAY
[CudaTags] gray: continuous=1 step=640
[CudaTags] gray stats min=2.000000 max=103.000000
[CudaTags] detected 0 tags
[CudaTags] frame 640x480 channels=3 type=16 stride=1920
[CudaTags] converting BGR->GRAY
[CudaTags] gray: continuous=1 step=640
[CudaTags] gray stats min=3.000000 max=109.000000
[CudaTags] detected 0 tags
[CudaTags] frame 640x480 channels=3 type=16 stride=1920
[CudaTags] converting BGR->GRAY
[CudaTags] gray: continuous=1 step=640
[CudaTags] gray stats min=3.000000 max=107.000000
[CudaTags] detected 0 tags
[CudaTags] frame 640x480 channels=3 type=16 stride=1920
[CudaTags] converting BGR->GRAY
[CudaTags] gray: continuous=1 step=640
[CudaTags] gray stats min=3.000000 max=110.000000
[CudaTags] detected 0 tags
